<?xml version="1.0" encoding="UTF-8"?>
<osm version="0.6" generator="Overpass API 0.7.62.11 87bfad18">
<note>The data included in this document is from www.openstreetmap.org. The data is made available under ODbL.</note>
<meta osm_base="2026-05-01T05:17:57Z"/>

  <bounds minlat="28.5284940" minlon="77.3601060" maxlat="28.5328940" maxlon="77.3645060"/>

  <node id="308729159" lat="28.5299724" lon="77.3614318" version="2" timestamp="2010-07-03T16:18:47Z" changeset="5125967" uid="56597" user="Oberaffe"/>
  <node id="308729160" lat="28.5275781" lon="77.3657188" version="2" timestamp="2010-07-03T16:18:46Z" changeset="5125967" uid="56597" user="Oberaffe"/>
  <node id="308729161" lat="28.5223161" lon="77.3738905" version="2" timestamp="2010-07-03T16:18:45Z" changeset="5125967" uid="56597" user="Oberaffe"/>
  <node id="308729162" lat="28.5176030" lon="77.3799830" version="2" timestamp="2010-07-03T16:18:46Z" changeset="5125967" uid="56597" user="Oberaffe"/>
  <node id="308729164" lat="28.5079929" lon="77.3895514" version="3" timestamp="2010-07-03T16:32:44Z" changeset="5126048" uid="56597" user="Oberaffe"/>
  <node id="712889147" lat="28.5110037" lon="77.3868697" version="2" timestamp="2010-07-03T16:32:48Z" changeset="5126048" uid="56597" user="Oberaffe"/>
  <node id="712889150" lat="28.5091012" lon="77.3884487" version="2" timestamp="2010-07-03T16:32:47Z" changeset="5126048" uid="56597" user="Oberaffe"/>
  <node id="712889158" lat="28.5069578" lon="77.3910189" version="2" timestamp="2010-07-03T16:32:48Z" changeset="5126048" uid="56597" user="Oberaffe"/>
  <node id="799241668" lat="28.5262372" lon="77.3680035" version="2" timestamp="2019-01-08T17:29:22Z" changeset="66135318" uid="8938555" user="venkat$26"/>
  <node id="799241677" lat="28.5297674" lon="77.3607486" version="3" timestamp="2018-11-27T11:03:29Z" changeset="64930839" uid="9087172" user="veeramachaneni"/>
  <node id="799241680" lat="28.5175005" lon="77.3798449" version="1" timestamp="2010-07-03T16:18:17Z" changeset="5125967" uid="56597" user="Oberaffe"/>
  <node id="799241681" lat="28.5281504" lon="77.3642353" version="1" timestamp="2010-07-03T16:18:17Z" changeset="5125967" uid="56597" user="Oberaffe"/>
  <node id="799241701" lat="28.5303895" lon="77.3607490" version="1" timestamp="2010-07-03T16:18:18Z" changeset="5125967" uid="56597" user="Oberaffe"/>
  <node id="799241717" lat="28.5252855" lon="77.3695378" version="1" timestamp="2010-07-03T16:18:18Z" changeset="5125967" uid="56597" user="Oberaffe"/>
  <node id="799241718" lat="28.5201436" lon="77.3772753" version="1" timestamp="2010-07-03T16:18:18Z" changeset="5125967" uid="56597" user="Oberaffe"/>
  <node id="799241741" lat="28.5273623" lon="77.3652129" version="2" timestamp="2018-11-26T15:34:35Z" changeset="64902069" uid="9087172" user="veeramachaneni"/>
  <node id="799241751" lat="28.5325563" lon="77.3571056" version="2" timestamp="2018-11-26T15:34:35Z" changeset="64902069" uid="9087172" user="veeramachaneni"/>
  <node id="799241756" lat="28.5284705" lon="77.3636042" version="1" timestamp="2010-07-03T16:18:19Z" changeset="5125967" uid="56597" user="Oberaffe"/>
  <node id="799241787" lat="28.5236076" lon="77.3710746" version="1" timestamp="2010-07-03T16:18:20Z" changeset="5125967" uid="56597" user="Oberaffe"/>
  <node id="799241798" lat="28.5302399" lon="77.3606493" version="1" timestamp="2010-07-03T16:18:20Z" changeset="5125967" uid="56597" user="Oberaffe"/>
  <node id="799241802" lat="28.5266785" lon="77.3673794" version="1" timestamp="2010-07-03T16:18:20Z" changeset="5125967" uid="56597" user="Oberaffe"/>
  <node id="799241818" lat="28.5301944" lon="77.3601429" version="2" timestamp="2018-11-26T15:34:35Z" changeset="64902069" uid="9087172" user="veeramachaneni"/>
  <node id="799241826" lat="28.5200139" lon="77.3771400" version="1" timestamp="2010-07-03T16:18:21Z" changeset="5125967" uid="56597" user="Oberaffe"/>
  <node id="799241827" lat="28.5268726" lon="77.3667311" version="1" timestamp="2010-07-03T16:18:21Z" changeset="5125967" uid="56597" user="Oberaffe"/>
  <node id="799241829" lat="28.5310388" lon="77.3598059" version="1" timestamp="2010-07-03T16:18:21Z" changeset="5125967" uid="56597" user="Oberaffe"/>
  <node id="799241832" lat="28.5330050" lon="77.3564653" version="3" timestamp="2018-11-26T15:34:35Z" changeset="64902069" uid="9087172" user="veeramachaneni"/>
  <node id="799241844" lat="28.5214760" lon="77.3735429" version="3" timestamp="2022-06-28T04:58:11Z" changeset="122936204" uid="10979447" user="VLD261"/>
  <node id="799241846" lat="28.5215155" lon="77.3751155" version="1" timestamp="2010-07-03T16:18:21Z" changeset="5125967" uid="56597" user="Oberaffe"/>
  <node id="799241880" lat="28.5283532" lon="77.3632562" version="2" timestamp="2018-11-26T15:34:35Z" changeset="64902069" uid="9087172" user="veeramachaneni"/>
  <node id="799241917" lat="28.5305884" lon="77.3596262" version="2" timestamp="2018-11-26T15:34:35Z" changeset="64902069" uid="9087172" user="veeramachaneni"/>
  <node id="799241927" lat="28.5295276" lon="77.3618078" version="2" timestamp="2010-07-03T16:32:48Z" changeset="5126048" uid="56597" user="Oberaffe"/>
  <node id="799241947" lat="28.5216631" lon="77.3752180" version="1" timestamp="2010-07-03T16:18:24Z" changeset="5125967" uid="56597" user="Oberaffe"/>
  <node id="799241952" lat="28.5233858" lon="77.3714109" version="1" timestamp="2010-07-03T16:18:25Z" changeset="5125967" uid="56597" user="Oberaffe"/>
  <node id="799241959" lat="28.5308952" lon="77.3597027" version="1" timestamp="2010-07-03T16:18:25Z" changeset="5125967" uid="56597" user="Oberaffe"/>
  <node id="799241964" lat="28.5289056" lon="77.3621939" version="3" timestamp="2018-11-27T11:03:29Z" changeset="64930839" uid="9087172" user="veeramachaneni"/>
  <node id="799241971" lat="28.5274422" lon="77.3656152" version="1" timestamp="2010-07-03T16:18:26Z" changeset="5125967" uid="56597" user="Oberaffe"/>
  <node id="799241973" lat="28.5333477" lon="77.3567007" version="1" timestamp="2010-07-03T16:18:26Z" changeset="5125967" uid="56597" user="Oberaffe"/>
  <node id="799241985" lat="28.5221493" lon="77.3737877" version="1" timestamp="2010-07-03T16:18:26Z" changeset="5125967" uid="56597" user="Oberaffe"/>
  <node id="799241987" lat="28.5257913" lon="77.3682888" version="1" timestamp="2010-07-03T16:18:26Z" changeset="5125967" uid="56597" user="Oberaffe"/>
  <node id="799241995" lat="28.5211266" lon="77.3760950" version="1" timestamp="2010-07-03T16:18:27Z" changeset="5125967" uid="56597" user="Oberaffe"/>
  <node id="799241999" lat="28.5269986" lon="77.3668258" version="1" timestamp="2010-07-03T16:18:27Z" changeset="5125967" uid="56597" user="Oberaffe"/>
  <node id="799242000" lat="28.5318882" lon="77.3583859" version="1" timestamp="2010-07-03T16:18:27Z" changeset="5125967" uid="56597" user="Oberaffe"/>
  <node id="799242008" lat="28.5234587" lon="77.3716632" version="3" timestamp="2012-10-28T17:37:04Z" changeset="13664570" uid="56597" user="Oberaffe"/>
  <node id="799242011" lat="28.5311299" lon="77.3589678" version="2" timestamp="2018-11-26T15:34:35Z" changeset="64902069" uid="9087172" user="veeramachaneni"/>
  <node id="799242026" lat="28.5228118" lon="77.3725049" version="1" timestamp="2010-07-03T16:18:28Z" changeset="5125967" uid="56597" user="Oberaffe"/>
  <node id="799242032" lat="28.5241580" lon="77.3703658" version="1" timestamp="2010-07-03T16:18:29Z" changeset="5125967" uid="56597" user="Oberaffe"/>
  <node id="799242045" lat="28.5233100" lon="77.3715380" version="1" timestamp="2010-07-03T16:18:30Z" changeset="5125967" uid="56597" user="Oberaffe"/>
  <node id="799242046" lat="28.5295904" lon="77.3611821" version="4" timestamp="2021-08-30T11:58:06Z" changeset="110457577" uid="12430590" user="Monumental610"/>
  <node id="799242050" lat="28.5296677" lon="77.3619231" version="1" timestamp="2010-07-03T16:18:30Z" changeset="5125967" uid="56597" user="Oberaffe"/>
  <node id="799242062" lat="28.5205685" lon="77.3765417" version="1" timestamp="2010-07-03T16:18:31Z" changeset="5125967" uid="56597" user="Oberaffe"/>
  <node id="799242068" lat="28.5206945" lon="77.3766441" version="1" timestamp="2010-07-03T16:18:31Z" changeset="5125967" uid="56597" user="Oberaffe"/>
  <node id="799242073" lat="28.5258923" lon="77.3684244" version="1" timestamp="2010-07-03T16:18:32Z" changeset="5125967" uid="56597" user="Oberaffe"/>
  <node id="799242075" lat="28.5331962" lon="77.3565327" version="1" timestamp="2010-07-03T16:18:32Z" changeset="5125967" uid="56597" user="Oberaffe"/>
  <node id="799242076" lat="28.5266097" lon="77.3667136" version="3" timestamp="2018-11-26T15:34:35Z" changeset="64902069" uid="9087172" user="veeramachaneni"/>
  <node id="799242082" lat="28.5320348" lon="77.3584824" version="1" timestamp="2010-07-03T16:18:32Z" changeset="5125967" uid="56597" user="Oberaffe"/>
  <node id="799242092" lat="28.5261971" lon="77.3677552" version="1" timestamp="2010-07-03T16:18:32Z" changeset="5125967" uid="56597" user="Oberaffe"/>
  <node id="799242102" lat="28.5231683" lon="77.3718123" version="1" timestamp="2010-07-03T16:18:33Z" changeset="5125967" uid="56597" user="Oberaffe"/>
  <node id="799242109" lat="28.5282664" lon="77.3643185" version="1" timestamp="2010-07-03T16:18:33Z" changeset="5125967" uid="56597" user="Oberaffe"/>
  <node id="799242114" lat="28.5298285" lon="77.3613213" version="2" timestamp="2010-07-03T16:32:46Z" changeset="5126048" uid="56597" user="Oberaffe"/>
  <node id="799242119" lat="28.5321208" lon="77.3577010" version="2" timestamp="2018-11-26T15:34:36Z" changeset="64902069" uid="9087172" user="veeramachaneni"/>
  <node id="799242127" lat="28.5285966" lon="77.3636988" version="1" timestamp="2010-07-03T16:18:34Z" changeset="5125967" uid="56597" user="Oberaffe"/>
  <node id="799242140" lat="28.5209826" lon="77.3759720" version="1" timestamp="2010-07-03T16:18:34Z" changeset="5125967" uid="56597" user="Oberaffe"/>
  <node id="799249118" lat="28.5083878" lon="77.3888279" version="1" timestamp="2010-07-03T16:32:27Z" changeset="5126048" uid="56597" user="Oberaffe"/>
  <node id="799249132" lat="28.5271010" lon="77.3671614" version="1" timestamp="2010-07-03T16:32:27Z" changeset="5126048" uid="56597" user="Oberaffe"/>
  <node id="799249140" lat="28.5068127" lon="77.3909257" version="1" timestamp="2010-07-03T16:32:28Z" changeset="5126048" uid="56597" user="Oberaffe"/>
  <node id="799249149" lat="28.5130802" lon="77.3845610" version="1" timestamp="2010-07-03T16:32:28Z" changeset="5126048" uid="56597" user="Oberaffe"/>
  <node id="799249156" lat="28.5297269" lon="77.3625720" version="1" timestamp="2010-07-03T16:32:28Z" changeset="5126048" uid="56597" user="Oberaffe"/>
  <node id="799249158" lat="28.5090023" lon="77.3882714" version="1" timestamp="2010-07-03T16:32:29Z" changeset="5126048" uid="56597" user="Oberaffe"/>
  <node id="799249165" lat="28.5264631" lon="77.3680404" version="1" timestamp="2010-07-03T16:32:30Z" changeset="5126048" uid="56597" user="Oberaffe"/>
  <node id="799249168" lat="28.5071112" lon="77.3904234" version="1" timestamp="2010-07-03T16:32:30Z" changeset="5126048" uid="56597" user="Oberaffe"/>
  <node id="799249177" lat="28.5084756" lon="77.3890020" version="1" timestamp="2010-07-03T16:32:31Z" changeset="5126048" uid="56597" user="Oberaffe"/>
  <node id="799249191" lat="28.5132023" lon="77.3846792" version="1" timestamp="2010-07-03T16:32:32Z" changeset="5126048" uid="56597" user="Oberaffe"/>
  <node id="799249192" lat="28.5288463" lon="77.3641178" version="1" timestamp="2010-07-03T16:32:32Z" changeset="5126048" uid="56597" user="Oberaffe"/>
  <node id="799249199" lat="28.5098149" lon="77.3876577" version="1" timestamp="2010-07-03T16:32:33Z" changeset="5126048" uid="56597" user="Oberaffe"/>
  <node id="799249208" lat="28.5075677" lon="77.3900780" version="1" timestamp="2010-07-03T16:32:33Z" changeset="5126048" uid="56597" user="Oberaffe"/>
  <node id="799249213" lat="28.5315363" lon="77.3597225" version="1" timestamp="2010-07-03T16:32:33Z" changeset="5126048" uid="56597" user="Oberaffe"/>
  <node id="799249221" lat="28.5074347" lon="77.3899724" version="1" timestamp="2010-07-03T16:32:34Z" changeset="5126048" uid="56597" user="Oberaffe"/>
  <node id="799249227" lat="28.5072642" lon="77.3905175" version="1" timestamp="2010-07-03T16:32:34Z" changeset="5126048" uid="56597" user="Oberaffe"/>
  <node id="799249229" lat="28.5301361" lon="77.3619546" version="2" timestamp="2018-11-27T11:03:29Z" changeset="64930839" uid="9087172" user="veeramachaneni"/>
  <node id="799249240" lat="28.5276186" lon="77.3662641" version="1" timestamp="2010-07-03T16:32:35Z" changeset="5126048" uid="56597" user="Oberaffe"/>
  <node id="799249244" lat="28.5108933" lon="77.3867330" version="1" timestamp="2010-07-03T16:32:35Z" changeset="5126048" uid="56597" user="Oberaffe"/>
  <node id="799249263" lat="28.5078686" lon="77.3894187" version="1" timestamp="2010-07-03T16:32:36Z" changeset="5126048" uid="56597" user="Oberaffe"/>
  <node id="799249270" lat="28.5118940" lon="77.3858026" version="3" timestamp="2024-05-18T12:48:01Z" changeset="151492442" uid="21016652" user="ranjitgarad"/>
  <node id="799249283" lat="28.5309486" lon="77.3606426" version="1" timestamp="2010-07-03T16:32:37Z" changeset="5126048" uid="56597" user="Oberaffe"/>
  <node id="799268868" lat="28.5250405" lon="77.3698878" version="2" timestamp="2022-06-27T06:18:10Z" changeset="122891047" uid="10979447" user="VLD261"/>
  <node id="799269003" lat="28.5249444" lon="77.3700186" version="2" timestamp="2022-06-27T06:18:10Z" changeset="122891047" uid="10979447" user="VLD261"/>
  <node id="799342027" lat="28.5359238" lon="77.3537603" version="1" timestamp="2010-07-03T18:48:50Z" changeset="5127032" uid="56597" user="Oberaffe">
    <tag k="power" v="tower"/>
  </node>
  <node id="799342076" lat="28.5345961" lon="77.3557212" version="1" timestamp="2010-07-03T18:48:51Z" changeset="5127032" uid="56597" user="Oberaffe">
    <tag k="power" v="tower"/>
  </node>
  <node id="799342080" lat="28.5345479" lon="77.3933002" version="1" timestamp="2010-07-03T18:48:52Z" changeset="5127032" uid="56597" user="Oberaffe">
    <tag k="power" v="tower"/>
  </node>
  <node id="799342085" lat="28.5213877" lon="77.3764755" version="2" timestamp="2010-11-27T12:50:19Z" changeset="6469370" uid="56597" user="Oberaffe">
    <tag k="power" v="tower"/>
  </node>
  <node id="799342112" lat="28.5287766" lon="77.3649661" version="1" timestamp="2010-07-03T18:48:52Z" changeset="5127032" uid="56597" user="Oberaffe">
    <tag k="power" v="tower"/>
  </node>
  <node id="799342151" lat="28.5333933" lon="77.3934113" version="1" timestamp="2010-07-03T18:48:53Z" changeset="5127032" uid="56597" user="Oberaffe">
    <tag k="power" v="tower"/>
  </node>
  <node id="799342155" lat="28.5431084" lon="77.3424398" version="1" timestamp="2010-07-03T18:48:53Z" changeset="5127032" uid="56597" user="Oberaffe">
    <tag k="power" v="tower"/>
  </node>
  <node id="799342159" lat="28.5473160" lon="77.3429203" version="1" timestamp="2010-07-03T18:48:53Z" changeset="5127032" uid="56597" user="Oberaffe">
    <tag k="power" v="tower"/>
  </node>
  <node id="799342211" lat="28.5384868" lon="77.3497094" version="1" timestamp="2010-07-03T18:48:55Z" changeset="5127032" uid="56597" user="Oberaffe">
    <tag k="power" v="tower"/>
  </node>
  <node id="799342491" lat="28.5350282" lon="77.3907602" version="1" timestamp="2010-07-03T18:49:03Z" changeset="5127032" uid="56597" user="Oberaffe">
    <tag k="power" v="tower"/>
  </node>
  <node id="799342497" lat="28.5329908" lon="77.3878864" version="1" timestamp="2010-07-03T18:49:04Z" changeset="5127032" uid="56597" user="Oberaffe">
    <tag k="power" v="tower"/>
  </node>
  <node id="799342499" lat="28.5274359" lon="77.3672342" version="1" timestamp="2010-07-03T18:49:04Z" changeset="5127032" uid="56597" user="Oberaffe">
    <tag k="power" v="tower"/>
  </node>
  <node id="799342522" lat="28.5309535" lon="77.3853593" version="1" timestamp="2010-07-03T18:49:04Z" changeset="5127032" uid="56597" user="Oberaffe">
    <tag k="power" v="tower"/>
  </node>
  <node id="799342554" lat="28.5314289" lon="77.3865714" version="1" timestamp="2010-07-03T18:49:05Z" changeset="5127032" uid="56597" user="Oberaffe">
    <tag k="power" v="tower"/>
  </node>
  <node id="799342558" lat="28.5447514" lon="77.3409043" version="1" timestamp="2010-07-03T18:49:05Z" changeset="5127032" uid="56597" user="Oberaffe">
    <tag k="power" v="tower"/>
  </node>
  <node id="799342562" lat="28.5488831" lon="77.3429971" version="1" timestamp="2010-07-03T18:49:05Z" changeset="5127032" uid="56597" user="Oberaffe">
    <tag k="power" v="tower"/>
  </node>
  <node id="799342564" lat="28.5371213" lon="77.3519333" version="1" timestamp="2010-07-03T18:49:05Z" changeset="5127032" uid="56597" user="Oberaffe">
    <tag k="power" v="tower"/>
  </node>
  <node id="799342592" lat="28.5255288" lon="77.3698441" version="1" timestamp="2010-07-03T18:49:06Z" changeset="5127032" uid="56597" user="Oberaffe">
    <tag k="power" v="tower"/>
  </node>
  <node id="799342603" lat="28.5343805" lon="77.3890520" version="1" timestamp="2010-07-03T18:49:06Z" changeset="5127032" uid="56597" user="Oberaffe">
    <tag k="power" v="tower"/>
  </node>
  <node id="799342614" lat="28.5307095" lon="77.3616326" version="1" timestamp="2010-07-03T18:49:06Z" changeset="5127032" uid="56597" user="Oberaffe">
    <tag k="power" v="tower"/>
  </node>
  <node id="799342621" lat="28.5243153" lon="77.3714052" version="1" timestamp="2010-07-03T18:49:07Z" changeset="5127032" uid="56597" user="Oberaffe">
    <tag k="power" v="tower"/>
  </node>
  <node id="799342661" lat="28.5300077" lon="77.3628378" version="1" timestamp="2010-07-03T18:49:08Z" changeset="5127032" uid="56597" user="Oberaffe">
    <tag k="power" v="tower"/>
  </node>
  <node id="799342689" lat="28.5279921" lon="77.3829528" version="1" timestamp="2010-07-03T18:49:08Z" changeset="5127032" uid="56597" user="Oberaffe">
    <tag k="power" v="tower"/>
  </node>
  <node id="799342696" lat="28.5440498" lon="77.3408182" version="1" timestamp="2010-07-03T18:49:08Z" changeset="5127032" uid="56597" user="Oberaffe">
    <tag k="power" v="tower"/>
  </node>
  <node id="799342698" lat="28.5463133" lon="77.3420728" version="1" timestamp="2010-07-03T18:49:08Z" changeset="5127032" uid="56597" user="Oberaffe">
    <tag k="power" v="tower"/>
  </node>
  <node id="799343648" lat="28.5397094" lon="77.3477629" version="1" timestamp="2010-07-03T18:49:38Z" changeset="5127032" uid="56597" user="Oberaffe">
    <tag k="power" v="tower"/>
  </node>
  <node id="799343695" lat="28.5331549" lon="77.3577730" version="1" timestamp="2010-07-03T18:49:40Z" changeset="5127032" uid="56597" user="Oberaffe">
    <tag k="power" v="tower"/>
  </node>
  <node id="799343709" lat="28.5295164" lon="77.3841374" version="1" timestamp="2010-07-03T18:49:40Z" changeset="5127032" uid="56597" user="Oberaffe">
    <tag k="power" v="tower"/>
  </node>
  <node id="799343712" lat="28.5418819" lon="77.3442486" version="1" timestamp="2010-07-03T18:49:40Z" changeset="5127032" uid="56597" user="Oberaffe">
    <tag k="power" v="tower"/>
  </node>
  <node id="799343754" lat="28.5407685" lon="77.3460277" version="1" timestamp="2010-07-03T18:49:42Z" changeset="5127032" uid="56597" user="Oberaffe">
    <tag k="power" v="tower"/>
  </node>
  <node id="799343783" lat="28.5227572" lon="77.3742162" version="2" timestamp="2010-11-27T12:50:13Z" changeset="6469370" uid="56597" user="Oberaffe">
    <tag k="power" v="tower"/>
  </node>
  <node id="799343905" lat="28.5316170" lon="77.3600399" version="1" timestamp="2010-07-03T18:49:47Z" changeset="5127032" uid="56597" user="Oberaffe">
    <tag k="power" v="tower"/>
  </node>
  <node id="799343921" lat="28.5247886" lon="77.3802650" version="2" timestamp="2012-07-09T23:13:19Z" changeset="12168041" uid="56597" user="Oberaffe">
    <tag k="power" v="tower"/>
  </node>
  <node id="799343987" lat="28.5260854" lon="77.3813765" version="1" timestamp="2010-07-03T18:49:48Z" changeset="5127032" uid="56597" user="Oberaffe">
    <tag k="power" v="tower"/>
  </node>
  <node id="826478109" lat="28.5450204" lon="77.3741775" version="2" timestamp="2014-02-10T22:49:45Z" changeset="20494696" uid="56597" user="Oberaffe"/>
  <node id="826478115" lat="28.5319789" lon="77.3632410" version="2" timestamp="2014-02-10T22:49:45Z" changeset="20494696" uid="56597" user="Oberaffe"/>
  <node id="826478130" lat="28.5339602" lon="77.3560919" version="1" timestamp="2010-07-20T17:38:17Z" changeset="5272665" uid="56597" user="Oberaffe"/>
  <node id="826478155" lat="28.5386034" lon="77.3643276" version="2" timestamp="2014-02-10T22:49:45Z" changeset="20494696" uid="56597" user="Oberaffe"/>
  <node id="826478165" lat="28.5324661" lon="77.3637660" version="2" timestamp="2014-02-10T22:49:45Z" changeset="20494696" uid="56597" user="Oberaffe"/>
  <node id="826478174" lat="28.5423415" lon="77.3697982" version="3" timestamp="2022-06-29T10:41:18Z" changeset="122996096" uid="10979447" user="VLD261"/>
  <node id="826478186" lat="28.5331125" lon="77.3638030" version="2" timestamp="2014-02-10T22:49:45Z" changeset="20494696" uid="56597" user="Oberaffe"/>
  <node id="826478199" lat="28.5522907" lon="77.3763894" version="5" timestamp="2022-06-29T11:22:36Z" changeset="122998055" uid="10979447" user="VLD261"/>
  <node id="826478209" lat="28.5392836" lon="77.3649448" version="2" timestamp="2014-02-10T22:49:45Z" changeset="20494696" uid="56597" user="Oberaffe"/>
  <node id="826478231" lat="28.5382579" lon="77.3641206" version="2" timestamp="2014-02-10T22:49:45Z" changeset="20494696" uid="56597" user="Oberaffe"/>
  <node id="826478250" lat="28.5349123" lon="77.3639150" version="2" timestamp="2014-02-10T22:49:45Z" changeset="20494696" uid="56597" user="Oberaffe"/>
  <node id="826478270" lat="28.5448134" lon="77.3739733" version="2" timestamp="2014-02-10T22:49:45Z" changeset="20494696" uid="56597" user="Oberaffe"/>
  <node id="826478283" lat="28.5302182" lon="77.3618278" version="3" timestamp="2018-11-27T11:03:29Z" changeset="64930839" uid="9087172" user="veeramachaneni"/>
  <node id="826478299" lat="28.5389386" lon="77.3643897" version="2" timestamp="2014-02-10T22:49:45Z" changeset="20494696" uid="56597" user="Oberaffe"/>
  <node id="826478327" lat="28.5384969" lon="77.3642892" version="2" timestamp="2014-02-10T22:49:45Z" changeset="20494696" uid="56597" user="Oberaffe"/>
  <node id="826478336" lat="28.5322745" lon="77.3636292" version="2" timestamp="2014-02-10T22:49:45Z" changeset="20494696" uid="56597" user="Oberaffe"/>
  <node id="826478348" lat="28.5328137" lon="77.3637697" version="2" timestamp="2014-02-10T22:49:45Z" changeset="20494696" uid="56597" user="Oberaffe"/>
  <node id="826478395" lat="28.5388425" lon="77.3645080" version="2" timestamp="2014-02-10T22:49:45Z" changeset="20494696" uid="56597" user="Oberaffe"/>
  <node id="826478398" lat="28.5330702" lon="77.3639398" version="2" timestamp="2014-02-10T22:49:45Z" changeset="20494696" uid="56597" user="Oberaffe"/>
  <node id="826478412" lat="28.5382475" lon="77.3642566" version="2" timestamp="2014-02-10T22:49:45Z" changeset="20494696" uid="56597" user="Oberaffe"/>
  <node id="826478450" lat="28.5388113" lon="77.3642626" version="2" timestamp="2014-02-10T22:49:45Z" changeset="20494696" uid="56597" user="Oberaffe"/>
  <node id="826478480" lat="28.5387593" lon="77.3644164" version="2" timestamp="2014-02-10T22:49:45Z" changeset="20494696" uid="56597" user="Oberaffe"/>
  <node id="826478487" lat="28.5327909" lon="77.3638991" version="2" timestamp="2014-02-10T22:49:45Z" changeset="20494696" uid="56597" user="Oberaffe"/>
  <node id="826478493" lat="28.5452296" lon="77.3741182" version="3" timestamp="2022-06-29T05:25:01Z" changeset="122982950" uid="10979447" user="VLD261"/>
  <node id="826478499" lat="28.5446616" lon="77.3737952" version="2" timestamp="2014-02-10T22:49:46Z" changeset="20494696" uid="56597" user="Oberaffe"/>
  <node id="826478520" lat="28.5460400" lon="77.3746257" version="4" timestamp="2022-06-29T05:13:11Z" changeset="122982535" uid="10979447" user="VLD261"/>
  <node id="826478537" lat="28.5455502" lon="77.3744730" version="2" timestamp="2014-02-10T22:49:46Z" changeset="20494696" uid="56597" user="Oberaffe"/>
  <node id="826478543" lat="28.5386970" lon="77.3641975" version="2" timestamp="2014-02-10T22:49:46Z" changeset="20494696" uid="56597" user="Oberaffe"/>
  <node id="826478554" lat="28.5452925" lon="77.3741483" version="2" timestamp="2014-02-10T22:49:46Z" changeset="20494696" uid="56597" user="Oberaffe"/>
  <node id="826478567" lat="28.5365326" lon="77.3641650" version="2" timestamp="2014-02-10T22:49:46Z" changeset="20494696" uid="56597" user="Oberaffe"/>
  <node id="826478573" lat="28.5326448" lon="77.3637069" version="2" timestamp="2014-02-10T22:49:46Z" changeset="20494696" uid="56597" user="Oberaffe"/>
  <node id="826478596" lat="28.5458906" lon="77.3745830" version="2" timestamp="2014-02-10T22:49:46Z" changeset="20494696" uid="56597" user="Oberaffe"/>
  <node id="826478631" lat="28.5386840" lon="77.3643572" version="2" timestamp="2014-02-10T22:49:46Z" changeset="20494696" uid="56597" user="Oberaffe"/>
  <node id="826478638" lat="28.5326090" lon="77.3638400" version="2" timestamp="2014-02-10T22:49:46Z" changeset="20494696" uid="56597" user="Oberaffe"/>
  <node id="826478658" lat="28.5421718" lon="77.3697691" version="4" timestamp="2022-06-29T11:22:36Z" changeset="122998055" uid="10979447" user="VLD261"/>
  <node id="826478673" lat="28.5461069" lon="77.3746451" version="2" timestamp="2014-02-10T22:49:46Z" changeset="20494696" uid="56597" user="Oberaffe"/>
  <node id="826478690" lat="28.5452189" lon="77.3743211" version="2" timestamp="2014-02-10T22:49:46Z" changeset="20494696" uid="56597" user="Oberaffe"/>
  <node id="826478705" lat="28.5385489" lon="77.3641502" version="2" timestamp="2014-02-10T22:49:46Z" changeset="20494696" uid="56597" user="Oberaffe"/>
  <node id="826478714" lat="28.5501034" lon="77.3757564" version="3" timestamp="2014-02-10T22:49:46Z" changeset="20494696" uid="56597" user="Oberaffe"/>
  <node id="826478715" lat="28.5447975" lon="77.3737223" version="2" timestamp="2014-02-10T22:49:46Z" changeset="20494696" uid="56597" user="Oberaffe"/>
  <node id="826478734" lat="28.5324629" lon="77.3636033" version="2" timestamp="2014-02-10T22:49:46Z" changeset="20494696" uid="56597" user="Oberaffe"/>
  <node id="826478748" lat="28.5391732" lon="77.3650286" version="2" timestamp="2014-02-10T22:49:46Z" changeset="20494696" uid="56597" user="Oberaffe"/>
  <node id="826478777" lat="28.5490147" lon="77.3754853" version="3" timestamp="2022-06-29T04:34:32Z" changeset="122981490" uid="10979447" user="VLD261"/>
  <node id="826478802" lat="28.5349041" lon="77.3640629" version="2" timestamp="2014-02-10T22:49:46Z" changeset="20494696" uid="56597" user="Oberaffe"/>
  <node id="826539426" lat="28.5393946" lon="77.3490156" version="3" timestamp="2024-01-31T09:15:44Z" changeset="146895014" uid="18812448" user="rajanik"/>
  <node id="826539471" lat="28.5365038" lon="77.3535571" version="1" timestamp="2010-07-20T18:41:58Z" changeset="5273122" uid="56597" user="Oberaffe"/>
  <node id="826539489" lat="28.5410335" lon="77.3680414" version="2" timestamp="2014-02-10T22:49:46Z" changeset="20494696" uid="56597" user="Oberaffe"/>
  <node id="826539552" lat="28.5326442" lon="77.3591024" version="1" timestamp="2010-07-20T18:42:02Z" changeset="5273122" uid="56597" user="Oberaffe"/>
  <node id="826539582" lat="28.5306866" lon="77.3621704" version="2" timestamp="2014-02-10T22:49:46Z" changeset="20494696" uid="56597" user="Oberaffe"/>
  <node id="826539631" lat="28.5305958" lon="77.3623145" version="2" timestamp="2014-02-10T22:49:47Z" changeset="20494696" uid="56597" user="Oberaffe"/>
  <node id="826539653" lat="28.5386266" lon="77.3643362" version="2" timestamp="2014-02-10T22:49:47Z" changeset="20494696" uid="56597" user="Oberaffe"/>
  <node id="826539703" lat="28.5344795" lon="77.3565875" version="1" timestamp="2010-07-20T18:42:08Z" changeset="5273122" uid="56597" user="Oberaffe"/>
  <node id="826539724" lat="28.5356912" lon="77.3547817" version="4" timestamp="2024-09-30T10:08:36Z" changeset="157289388" uid="19294194" user="olasakeeb"/>
  <node id="826539784" lat="28.5411138" lon="77.3679161" version="2" timestamp="2014-02-10T22:49:47Z" changeset="20494696" uid="56597" user="Oberaffe"/>
  <node id="826539800" lat="28.5344007" lon="77.3565113" version="1" timestamp="2010-07-20T18:42:13Z" changeset="5273122" uid="56597" user="Oberaffe"/>
  <node id="826539819" lat="28.5307719" lon="77.3622411" version="2" timestamp="2014-02-10T22:49:47Z" changeset="20494696" uid="56597" user="Oberaffe"/>
  <node id="826539868" lat="28.5320180" lon="77.3600304" version="1" timestamp="2010-07-20T18:42:16Z" changeset="5273122" uid="56597" user="Oberaffe"/>
  <node id="826539876" lat="28.5327191" lon="77.3591831" version="1" timestamp="2010-07-20T18:42:16Z" changeset="5273122" uid="56597" user="Oberaffe"/>
  <node id="826539917" lat="28.5387076" lon="77.3642036" version="2" timestamp="2014-02-10T22:49:47Z" changeset="20494696" uid="56597" user="Oberaffe"/>
  <node id="826539961" lat="28.5320928" lon="77.3601111" version="1" timestamp="2010-07-20T18:42:20Z" changeset="5273122" uid="56597" user="Oberaffe"/>
  <node id="826539986" lat="28.5385764" lon="77.3641590" version="2" timestamp="2014-02-10T22:49:47Z" changeset="20494696" uid="56597" user="Oberaffe"/>
  <node id="826540010" lat="28.5375199" lon="77.3520194" version="1" timestamp="2010-07-20T18:42:22Z" changeset="5273122" uid="56597" user="Oberaffe"/>
  <node id="826540040" lat="28.5410243" lon="77.3677472" version="3" timestamp="2022-06-29T11:50:49Z" changeset="122999288" uid="10979447" user="VLD261"/>
  <node id="826540118" lat="28.5306891" lon="77.3623971" version="3" timestamp="2014-02-10T22:49:47Z" changeset="20494696" uid="56597" user="Oberaffe"/>
  <node id="826540129" lat="28.5409702" lon="77.3679388" version="2" timestamp="2014-02-10T22:49:47Z" changeset="20494696" uid="56597" user="Oberaffe"/>
  <node id="853985587" lat="28.5451161" lon="77.3532346" version="3" timestamp="2021-05-23T14:04:49Z" changeset="105166899" uid="12430590" user="Monumental610"/>
  <node id="853985627" lat="28.5310679" lon="77.3620479" version="3" timestamp="2023-10-05T08:59:30Z" changeset="142179214" uid="10604190" user="mani_k2"/>
  <node id="853985677" lat="28.5414221" lon="77.3591948" version="2" timestamp="2012-07-09T23:13:23Z" changeset="12168041" uid="56597" user="Oberaffe"/>
  <node id="853985690" lat="28.5309196" lon="77.3622714" version="1" timestamp="2010-08-11T00:06:10Z" changeset="5458806" uid="56597" user="Oberaffe"/>
  <node id="853985753" lat="28.5356049" lon="77.3551066" version="1" timestamp="2010-08-11T00:06:12Z" changeset="5458806" uid="56597" user="Oberaffe"/>
  <node id="853985760" lat="28.5322641" lon="77.3633611" version="1" timestamp="2010-08-11T00:06:12Z" changeset="5458806" uid="56597" user="Oberaffe"/>
  <node id="853985772" lat="28.5412377" lon="77.3595238" version="1" timestamp="2010-08-11T00:06:13Z" changeset="5458806" uid="56597" user="Oberaffe"/>
  <node id="853985844" lat="28.5327258" lon="77.3636317" version="1" timestamp="2010-08-11T00:06:14Z" changeset="5458806" uid="56597" user="Oberaffe"/>
  <node id="853985859" lat="28.5480895" lon="77.3434565" version="1" timestamp="2010-08-11T00:06:14Z" changeset="5458806" uid="56597" user="Oberaffe"/>
  <node id="853985883" lat="28.5358357" lon="77.3548052" version="1" timestamp="2010-08-11T00:06:15Z" changeset="5458806" uid="56597" user="Oberaffe"/>
  <node id="853985935" lat="28.5330586" lon="77.3637244" version="1" timestamp="2010-08-11T00:06:16Z" changeset="5458806" uid="56597" user="Oberaffe"/>
  <node id="853985996" lat="28.5384499" lon="77.3640181" version="1" timestamp="2010-08-11T00:06:18Z" changeset="5458806" uid="56597" user="Oberaffe"/>
  <node id="1007395922" lat="28.5124519" lon="77.3852584" version="1" timestamp="2010-11-27T12:49:26Z" changeset="6469370" uid="56597" user="Oberaffe"/>
  <node id="1007396174" lat="28.5099397" lon="77.3877952" version="1" timestamp="2010-11-27T12:49:33Z" changeset="6469370" uid="56597" user="Oberaffe"/>
  <node id="1817400390" lat="28.5214374" lon="77.3733555" version="3" timestamp="2022-06-28T10:26:29Z" changeset="122950136" uid="10979447" user="VLD261"/>
  <node id="1817400391" lat="28.5219079" lon="77.3727190" version="2" timestamp="2022-06-28T04:58:11Z" changeset="122936204" uid="10979447" user="VLD261"/>
  <node id="1817400393" lat="28.5218942" lon="77.3723941" version="1" timestamp="2012-07-08T09:55:50Z" changeset="12147799" uid="56597" user="Oberaffe"/>
  <node id="1817400395" lat="28.5225800" lon="77.3714117" version="2" timestamp="2022-06-28T04:58:11Z" changeset="122936204" uid="10979447" user="VLD261"/>
  <node id="1817400397" lat="28.5226617" lon="77.3709387" version="2" timestamp="2022-06-28T04:58:11Z" changeset="122936204" uid="10979447" user="VLD261"/>
  <node id="1817400399" lat="28.5229718" lon="77.3707034" version="3" timestamp="2022-06-27T09:50:39Z" changeset="122901138" uid="10979447" user="VLD261"/>
  <node id="1817400401" lat="28.5231291" lon="77.3702259" version="1" timestamp="2012-07-08T09:55:50Z" changeset="12147799" uid="56597" user="Oberaffe"/>
  <node id="1817400403" lat="28.5231717" lon="77.3703917" version="1" timestamp="2012-07-08T09:55:50Z" changeset="12147799" uid="56597" user="Oberaffe"/>
  <node id="1817400404" lat="28.5237701" lon="77.3693739" version="1" timestamp="2012-07-08T09:55:50Z" changeset="12147799" uid="56597" user="Oberaffe"/>
  <node id="1817400406" lat="28.5238754" lon="77.3694453" version="1" timestamp="2012-07-08T09:55:50Z" changeset="12147799" uid="56597" user="Oberaffe"/>
  <node id="1817400423" lat="28.5252537" lon="77.3675169" version="1" timestamp="2012-07-08T09:55:50Z" changeset="12147799" uid="56597" user="Oberaffe"/>
  <node id="1817400425" lat="28.5252986" lon="77.3676878" version="1" timestamp="2012-07-08T09:55:51Z" changeset="12147799" uid="56597" user="Oberaffe"/>
  <node id="1817400426" lat="28.5254978" lon="77.3702670" version="2" timestamp="2022-06-27T06:18:10Z" changeset="122891047" uid="10979447" user="VLD261"/>
  <node id="1817400427" lat="28.5256078" lon="77.3703564" version="2" timestamp="2022-06-27T06:18:10Z" changeset="122891047" uid="10979447" user="VLD261"/>
  <node id="1817400429" lat="28.5257013" lon="77.3703582" version="1" timestamp="2012-07-08T09:55:51Z" changeset="12147799" uid="56597" user="Oberaffe"/>
  <node id="1817400431" lat="28.5257446" lon="77.3670807" version="1" timestamp="2012-07-08T09:55:51Z" changeset="12147799" uid="56597" user="Oberaffe"/>
  <node id="1817400433" lat="28.5257513" lon="77.3668129" version="1" timestamp="2012-07-08T09:55:51Z" changeset="12147799" uid="56597" user="Oberaffe"/>
  <node id="1817400442" lat="28.5260628" lon="77.3662568" version="1" timestamp="2012-07-08T09:55:51Z" changeset="12147799" uid="56597" user="Oberaffe"/>
  <node id="1817400462" lat="28.5262936" lon="77.3660910" version="1" timestamp="2012-07-08T09:55:51Z" changeset="12147799" uid="56597" user="Oberaffe"/>
  <node id="1817400464" lat="28.5263698" lon="77.3656115" version="1" timestamp="2012-07-08T09:55:51Z" changeset="12147799" uid="56597" user="Oberaffe"/>
  <node id="1817400496" lat="28.5272528" lon="77.3638080" version="1" timestamp="2012-07-08T09:55:52Z" changeset="12147799" uid="56597" user="Oberaffe"/>
  <node id="1817400504" lat="28.5273411" lon="77.3678844" version="2" timestamp="2022-06-27T06:18:10Z" changeset="122891047" uid="10979447" user="VLD261"/>
  <node id="1817400508" lat="28.5274828" lon="77.3679209" version="2" timestamp="2022-06-27T06:18:10Z" changeset="122891047" uid="10979447" user="VLD261"/>
  <node id="1817400513" lat="28.5275621" lon="77.3679917" version="1" timestamp="2012-07-08T09:55:52Z" changeset="12147799" uid="56597" user="Oberaffe"/>
  <node id="1817400514" lat="28.5275801" lon="77.3634917" version="1" timestamp="2012-07-08T09:55:52Z" changeset="12147799" uid="56597" user="Oberaffe"/>
  <node id="1817400537" lat="28.5280370" lon="77.3667483" version="1" timestamp="2012-07-08T09:55:53Z" changeset="12147799" uid="56597" user="Oberaffe"/>
  <node id="1817400565" lat="28.5283555" lon="77.3616730" version="1" timestamp="2012-07-08T09:55:54Z" changeset="12147799" uid="56597" user="Oberaffe"/>
  <node id="1817400567" lat="28.5284496" lon="77.3617903" version="1" timestamp="2012-07-08T09:55:54Z" changeset="12147799" uid="56597" user="Oberaffe"/>
  <node id="1817400571" lat="28.5284871" lon="77.3662036" version="1" timestamp="2012-07-08T09:55:54Z" changeset="12147799" uid="56597" user="Oberaffe"/>
  <node id="1817400575" lat="28.5285358" lon="77.3658774" version="1" timestamp="2012-07-08T09:55:54Z" changeset="12147799" uid="56597" user="Oberaffe"/>
  <node id="1817400583" lat="28.5286311" lon="77.3659543" version="2" timestamp="2024-01-05T09:40:04Z" changeset="145913608" uid="19795114" user="kunalchhapre"/>
  <node id="1817400589" lat="28.5286625" lon="77.3611450" version="1" timestamp="2012-07-08T09:55:54Z" changeset="12147799" uid="56597" user="Oberaffe"/>
  <node id="1817400610" lat="28.5291645" lon="77.3606297" version="1" timestamp="2012-07-08T09:55:55Z" changeset="12147799" uid="56597" user="Oberaffe"/>
  <node id="1817400633" lat="28.5293998" lon="77.3600022" version="1" timestamp="2012-07-08T09:55:55Z" changeset="12147799" uid="56597" user="Oberaffe"/>
  <node id="1817400672" lat="28.5299130" lon="77.3592982" version="1" timestamp="2012-07-08T09:55:56Z" changeset="12147799" uid="56597" user="Oberaffe"/>
  <node id="1817400685" lat="28.5299848" lon="77.3594385" version="1" timestamp="2012-07-08T09:55:56Z" changeset="12147799" uid="56597" user="Oberaffe"/>
  <node id="1817400699" lat="28.5305028" lon="77.3627153" version="1" timestamp="2012-07-08T09:55:57Z" changeset="12147799" uid="56597" user="Oberaffe"/>
  <node id="1817400712" lat="28.5305712" lon="77.3584802" version="1" timestamp="2012-07-08T09:55:57Z" changeset="12147799" uid="56597" user="Oberaffe"/>
  <node id="1817400714" lat="28.5306767" lon="77.3585896" version="1" timestamp="2012-07-08T09:55:57Z" changeset="12147799" uid="56597" user="Oberaffe"/>
  <node id="1817400716" lat="28.5306951" lon="77.3625687" version="1" timestamp="2012-07-08T09:55:57Z" changeset="12147799" uid="56597" user="Oberaffe"/>
  <node id="1817400773" lat="28.5319516" lon="77.3567112" version="1" timestamp="2012-07-08T09:55:58Z" changeset="12147799" uid="56597" user="Oberaffe"/>
  <node id="1817400802" lat="28.5322029" lon="77.3566335" version="1" timestamp="2012-07-08T09:55:59Z" changeset="12147799" uid="56597" user="Oberaffe"/>
  <node id="1817400811" lat="28.5324457" lon="77.3639180" version="2" timestamp="2019-01-08T13:00:40Z" changeset="66127769" uid="8725972" user="Brat_Akki"/>
  <node id="1817400812" lat="28.5324634" lon="77.3559980" version="1" timestamp="2012-07-08T09:55:59Z" changeset="12147799" uid="56597" user="Oberaffe"/>
  <node id="1817400855" lat="28.5328933" lon="77.3761824" version="1" timestamp="2012-07-08T09:56:00Z" changeset="12147799" uid="56597" user="Oberaffe"/>
  <node id="1817400857" lat="28.5329093" lon="77.3640992" version="1" timestamp="2012-07-08T09:56:00Z" changeset="12147799" uid="56597" user="Oberaffe"/>
  <node id="1817400995" lat="28.5333630" lon="77.3548787" version="1" timestamp="2012-07-08T09:56:05Z" changeset="12147799" uid="56597" user="Oberaffe"/>
  <node id="1817400999" lat="28.5334126" lon="77.3545645" version="1" timestamp="2012-07-08T09:56:05Z" changeset="12147799" uid="56597" user="Oberaffe"/>
  <node id="1817401014" lat="28.5335315" lon="77.3543900" version="3" timestamp="2019-02-03T17:30:03Z" changeset="66881803" uid="4685130" user="contrapunctus"/>
  <node id="1817401026" lat="28.5335150" lon="77.3546739" version="1" timestamp="2012-07-08T09:56:06Z" changeset="12147799" uid="56597" user="Oberaffe"/>
  <node id="1817401038" lat="28.5336970" lon="77.3545330" version="3" timestamp="2019-02-03T17:30:03Z" changeset="66881803" uid="4685130" user="contrapunctus"/>
  <node id="1817401095" lat="28.5339781" lon="77.3550130" version="4" timestamp="2019-11-26T02:30:10Z" changeset="77549183" uid="444259" user="Himké"/>
  <node id="1817401251" lat="28.5356840" lon="77.3642995" version="3" timestamp="2022-06-30T05:31:42Z" changeset="123027428" uid="9124218" user="VLD117"/>
  <node id="1817401310" lat="28.5359896" lon="77.3666841" version="1" timestamp="2012-07-08T09:56:09Z" changeset="12147799" uid="56597" user="Oberaffe"/>
  <node id="1817401318" lat="28.5361481" lon="77.3664315" version="1" timestamp="2012-07-08T09:56:09Z" changeset="12147799" uid="56597" user="Oberaffe"/>
  <node id="1817401325" lat="28.5362273" lon="77.3668753" version="1" timestamp="2012-07-08T09:56:10Z" changeset="12147799" uid="56597" user="Oberaffe"/>
  <node id="1817401327" lat="28.5362336" lon="77.3693680" version="1" timestamp="2012-07-08T09:56:10Z" changeset="12147799" uid="56597" user="Oberaffe"/>
  <node id="1817401330" lat="28.5362368" lon="77.3690505" version="1" timestamp="2012-07-08T09:56:10Z" changeset="12147799" uid="56597" user="Oberaffe"/>
  <node id="1817401340" lat="28.5363319" lon="77.3682605" version="1" timestamp="2012-07-08T09:56:10Z" changeset="12147799" uid="56597" user="Oberaffe"/>
  <node id="1817401354" lat="28.5364270" lon="77.3642924" version="1" timestamp="2012-07-08T09:56:10Z" changeset="12147799" uid="56597" user="Oberaffe"/>
  <node id="1817401358" lat="28.5364523" lon="77.3685022" version="1" timestamp="2012-07-08T09:56:10Z" changeset="12147799" uid="56597" user="Oberaffe"/>
  <node id="1817401362" lat="28.5364650" lon="77.3700317" version="1" timestamp="2012-07-08T09:56:10Z" changeset="12147799" uid="56597" user="Oberaffe"/>
  <node id="1817401388" lat="28.5364777" lon="77.3704574" version="1" timestamp="2012-07-08T09:56:10Z" changeset="12147799" uid="56597" user="Oberaffe"/>
  <node id="1817401391" lat="28.5365189" lon="77.3651257" version="1" timestamp="2012-07-08T09:56:10Z" changeset="12147799" uid="56597" user="Oberaffe"/>
  <node id="1817401392" lat="28.5365189" lon="77.3664279" version="1" timestamp="2012-07-08T09:56:10Z" changeset="12147799" uid="56597" user="Oberaffe"/>
  <node id="1817401446" lat="28.5385564" lon="77.3643107" version="2" timestamp="2014-02-10T22:49:45Z" changeset="20494696" uid="56597" user="Oberaffe"/>
  <node id="1817451165" lat="28.5424498" lon="77.3703120" version="3" timestamp="2022-05-02T12:28:30Z" changeset="120459291" uid="10516176" user="Manithak"/>
  <node id="1817451168" lat="28.5425052" lon="77.3704101" version="2" timestamp="2014-02-10T22:49:45Z" changeset="20494696" uid="56597" user="Oberaffe"/>
  <node id="1817451169" lat="28.5425650" lon="77.3701722" version="4" timestamp="2022-06-29T10:41:18Z" changeset="122996096" uid="10979447" user="VLD261"/>
  <node id="1817451170" lat="28.5426342" lon="77.3702758" version="3" timestamp="2022-06-29T10:41:18Z" changeset="122996096" uid="10979447" user="VLD261"/>
  <node id="1819520587" lat="28.5314227" lon="77.3574215" version="4" timestamp="2018-11-26T17:57:49Z" changeset="64906830" uid="8782061" user="!rf@n"/>
  <node id="1819520590" lat="28.5315239" lon="77.3572842" version="4" timestamp="2018-11-26T17:57:49Z" changeset="64906830" uid="8782061" user="!rf@n"/>
  <node id="1819560440" lat="28.5069091" lon="77.3897048" version="2" timestamp="2014-08-06T22:44:00Z" changeset="24585652" uid="56597" user="Oberaffe"/>
  <node id="1819560441" lat="28.5073222" lon="77.3891241" version="2" timestamp="2014-08-06T22:44:00Z" changeset="24585652" uid="56597" user="Oberaffe"/>
  <node id="1819560442" lat="28.5077422" lon="77.3886303" version="2" timestamp="2014-08-06T22:44:00Z" changeset="24585652" uid="56597" user="Oberaffe"/>
  <node id="1819560443" lat="28.5082212" lon="77.3881760" version="2" timestamp="2014-08-06T22:44:00Z" changeset="24585652" uid="56597" user="Oberaffe"/>
  <node id="1819560444" lat="28.5087627" lon="77.3877059" version="2" timestamp="2014-08-06T22:44:00Z" changeset="24585652" uid="56597" user="Oberaffe"/>
  <node id="1819560445" lat="28.5096583" lon="77.3869870" version="2" timestamp="2014-08-06T22:44:00Z" changeset="24585652" uid="56597" user="Oberaffe"/>
  <node id="1819560446" lat="28.5105504" lon="77.3862088" version="2" timestamp="2014-08-06T22:44:00Z" changeset="24585652" uid="56597" user="Oberaffe"/>
  <node id="1819560447" lat="28.5112377" lon="77.3855847" version="2" timestamp="2014-08-06T22:44:00Z" changeset="24585652" uid="56597" user="Oberaffe"/>
  <node id="1819560448" lat="28.5118139" lon="77.3850198" version="2" timestamp="2014-08-06T22:44:00Z" changeset="24585652" uid="56597" user="Oberaffe"/>
  <node id="1819560449" lat="28.5134696" lon="77.3832461" version="2" timestamp="2014-08-06T22:44:00Z" changeset="24585652" uid="56597" user="Oberaffe"/>
  <node id="1819560450" lat="28.5161042" lon="77.3803941" version="2" timestamp="2014-08-06T22:44:00Z" changeset="24585652" uid="56597" user="Oberaffe"/>
  <node id="1819560451" lat="28.5180251" lon="77.3782985" version="2" timestamp="2014-08-06T22:44:00Z" changeset="24585652" uid="56597" user="Oberaffe"/>
  <node id="1819560455" lat="28.5195541" lon="77.3767100" version="2" timestamp="2014-08-06T22:44:00Z" changeset="24585652" uid="56597" user="Oberaffe"/>
  <node id="1819560456" lat="28.5196867" lon="77.3766206" version="2" timestamp="2014-08-06T22:44:00Z" changeset="24585652" uid="56597" user="Oberaffe"/>
  <node id="1819560457" lat="28.5198634" lon="77.3764027" version="2" timestamp="2014-08-06T22:44:00Z" changeset="24585652" uid="56597" user="Oberaffe"/>
  <node id="1819560458" lat="28.5199333" lon="77.3762898" version="2" timestamp="2014-08-06T22:44:00Z" changeset="24585652" uid="56597" user="Oberaffe"/>
  <node id="1819560461" lat="28.5202364" lon="77.3759167" version="2" timestamp="2014-08-06T22:44:00Z" changeset="24585652" uid="56597" user="Oberaffe"/>
  <node id="1819560464" lat="28.5206267" lon="77.3754195" version="2" timestamp="2014-08-06T22:44:00Z" changeset="24585652" uid="56597" user="Oberaffe"/>
  <node id="1819560465" lat="28.5210513" lon="77.3747268" version="2" timestamp="2014-08-06T22:44:00Z" changeset="24585652" uid="56597" user="Oberaffe"/>
  <node id="1819560469" lat="28.5217286" lon="77.3734083" version="2" timestamp="2014-08-06T22:44:00Z" changeset="24585652" uid="56597" user="Oberaffe"/>
  <node id="1819560470" lat="28.5225410" lon="77.3717687" version="2" timestamp="2014-08-06T22:44:00Z" changeset="24585652" uid="56597" user="Oberaffe"/>
  <node id="1819560471" lat="28.5230171" lon="77.3709168" version="2" timestamp="2014-08-06T22:44:00Z" changeset="24585652" uid="56597" user="Oberaffe"/>
  <node id="1819560473" lat="28.5235840" lon="77.3701179" version="2" timestamp="2014-08-06T22:44:00Z" changeset="24585652" uid="56597" user="Oberaffe"/>
  <node id="1819560474" lat="28.5242786" lon="77.3692073" version="2" timestamp="2014-08-06T22:44:00Z" changeset="24585652" uid="56597" user="Oberaffe"/>
  <node id="1819560475" lat="28.5253216" lon="77.3679252" version="2" timestamp="2014-08-06T22:44:00Z" changeset="24585652" uid="56597" user="Oberaffe"/>
  <node id="1819560477" lat="28.5258345" lon="77.3672325" version="2" timestamp="2014-08-06T22:44:00Z" changeset="24585652" uid="56597" user="Oberaffe"/>
  <node id="1819560478" lat="28.5261118" lon="77.3668107" version="2" timestamp="2014-08-06T22:44:00Z" changeset="24585652" uid="56597" user="Oberaffe"/>
  <node id="1819560479" lat="28.5261480" lon="77.3660778" version="1" timestamp="2012-07-09T23:12:55Z" changeset="12168041" uid="56597" user="Oberaffe"/>
  <node id="1819560480" lat="28.5262578" lon="77.3661556" version="1" timestamp="2012-07-09T23:12:55Z" changeset="12168041" uid="56597" user="Oberaffe"/>
  <node id="1819560482" lat="28.5263008" lon="77.3664532" version="2" timestamp="2014-08-06T22:44:00Z" changeset="24585652" uid="56597" user="Oberaffe"/>
  <node id="1819560486" lat="28.5267150" lon="77.3664830" version="2" timestamp="2018-11-26T15:34:36Z" changeset="64902069" uid="9087172" user="veeramachaneni"/>
  <node id="1819560487" lat="28.5275597" lon="77.3639141" version="2" timestamp="2014-08-06T22:44:00Z" changeset="24585652" uid="56597" user="Oberaffe"/>
  <node id="1819560488" lat="28.5284653" lon="77.3621209" version="2" timestamp="2014-08-06T22:44:00Z" changeset="24585652" uid="56597" user="Oberaffe"/>
  <node id="1819560490" lat="28.5289807" lon="77.3611907" version="2" timestamp="2014-08-06T22:44:01Z" changeset="24585652" uid="56597" user="Oberaffe"/>
  <node id="1819560491" lat="28.5296089" lon="77.3602494" version="2" timestamp="2014-08-06T22:44:01Z" changeset="24585652" uid="56597" user="Oberaffe"/>
  <node id="1819560493" lat="28.5300285" lon="77.3596516" version="2" timestamp="2014-08-06T22:44:01Z" changeset="24585652" uid="56597" user="Oberaffe"/>
  <node id="1819560495" lat="28.5314887" lon="77.3578249" version="2" timestamp="2014-08-06T22:44:01Z" changeset="24585652" uid="56597" user="Oberaffe"/>
  <node id="1819560497" lat="28.5324016" lon="77.3566266" version="2" timestamp="2014-08-06T22:44:01Z" changeset="24585652" uid="56597" user="Oberaffe"/>
  <node id="1819560501" lat="28.5334838" lon="77.3550456" version="2" timestamp="2014-08-06T22:44:01Z" changeset="24585652" uid="56597" user="Oberaffe"/>
  <node id="1819560543" lat="28.5474000" lon="77.3494962" version="1" timestamp="2012-07-09T23:12:56Z" changeset="12168041" uid="56597" user="Oberaffe"/>
  <node id="1987285383" lat="28.5119044" lon="77.3860415" version="3" timestamp="2021-04-05T06:20:01Z" changeset="102304642" uid="161619" user="FvGordon"/>
  <node id="1987285386" lat="28.5125797" lon="77.3853604" version="2" timestamp="2021-04-05T06:20:01Z" changeset="102304642" uid="161619" user="FvGordon"/>
  <node id="1987285398" lat="28.5232247" lon="77.3721192" version="1" timestamp="2012-10-28T17:36:37Z" changeset="13664570" uid="56597" user="Oberaffe"/>
  <node id="1987285408" lat="28.5265172" lon="77.3673025" version="1" timestamp="2012-10-28T17:36:37Z" changeset="13664570" uid="56597" user="Oberaffe"/>
  <node id="2666117018" lat="28.5434758" lon="77.3716689" version="1" timestamp="2014-02-10T22:49:43Z" changeset="20494696" uid="56597" user="Oberaffe"/>
  <node id="2714782495" lat="28.5213639" lon="77.3773946" version="1" timestamp="2014-03-12T21:04:02Z" changeset="21072536" uid="56597" user="Oberaffe">
    <tag k="power" v="tower"/>
  </node>
  <node id="3353400766" lat="28.5234223" lon="77.3730931" version="1" timestamp="2015-02-16T06:20:56Z" changeset="28878103" uid="56597" user="Oberaffe">
    <tag k="power" v="tower"/>
  </node>
  <node id="3752717700" lat="28.5216661" lon="77.3728603" version="2" timestamp="2022-06-27T09:37:59Z" changeset="122900542" uid="10979447" user="VLD261"/>
  <node id="3752725162" lat="28.5229216" lon="77.3705194" version="1" timestamp="2015-09-21T11:18:55Z" changeset="34159503" uid="2891150" user="bhanu3"/>
  <node id="3752725187" lat="28.5239362" lon="77.3691660" version="1" timestamp="2015-09-21T11:18:55Z" changeset="34159503" uid="2891150" user="bhanu3"/>
  <node id="3809143656" lat="28.5160002" lon="77.3814456" version="1" timestamp="2015-10-29T20:57:53Z" changeset="34959568" uid="3346477" user="Hardeep Parmar"/>
  <node id="4214848321" lat="28.5451104" lon="77.3740278" version="2" timestamp="2022-06-29T05:25:01Z" changeset="122982950" uid="10979447" user="VLD261"/>
  <node id="4214905042" lat="28.5397051" lon="77.3658925" version="2" timestamp="2025-05-06T12:09:28Z" changeset="165888838" uid="16275581" user="ompatekar"/>
  <node id="4685422933" lat="28.5176762" lon="77.3796558" version="1" timestamp="2017-02-14T15:23:10Z" changeset="46081736" uid="56597" user="Oberaffe"/>
  <node id="4685422934" lat="28.5205481" lon="77.3768119" version="1" timestamp="2017-02-14T15:23:10Z" changeset="46081736" uid="56597" user="Oberaffe"/>
  <node id="4685422939" lat="28.5240662" lon="77.3707572" version="1" timestamp="2017-02-14T15:23:10Z" changeset="46081736" uid="56597" user="Oberaffe"/>
  <node id="4685422940" lat="28.5243388" lon="77.3704090" version="1" timestamp="2017-02-14T15:23:10Z" changeset="46081736" uid="56597" user="Oberaffe"/>
  <node id="4685422950" lat="28.5250876" lon="77.3691837" version="1" timestamp="2017-02-14T15:23:10Z" changeset="46081736" uid="56597" user="Oberaffe"/>
  <node id="5215706236" lat="28.5004755" lon="77.4066507" version="2" timestamp="2026-01-10T21:49:45Z" changeset="177077980" uid="560578" user="AnnaCatarina"/>
  <node id="5215706237" lat="28.5024027" lon="77.4018437" version="1" timestamp="2017-11-07T07:34:59Z" changeset="53574000" uid="6496766" user="PiterB"/>
  <node id="5215706238" lat="28.5067400" lon="77.3914195" version="1" timestamp="2017-11-07T07:34:59Z" changeset="53574000" uid="6496766" user="PiterB"/>
  <node id="5215706239" lat="28.5074690" lon="77.3901985" version="1" timestamp="2017-11-07T07:34:59Z" changeset="53574000" uid="6496766" user="PiterB"/>
  <node id="5215706240" lat="28.5085077" lon="77.3889775" version="1" timestamp="2017-11-07T07:34:59Z" changeset="53574000" uid="6496766" user="PiterB"/>
  <node id="5215706241" lat="28.5098745" lon="77.3878112" version="1" timestamp="2017-11-07T07:34:59Z" changeset="53574000" uid="6496766" user="PiterB"/>
  <node id="5215706242" lat="28.5119338" lon="77.3859159" version="1" timestamp="2017-11-07T07:34:59Z" changeset="53574000" uid="6496766" user="PiterB"/>
  <node id="5215706243" lat="28.5144488" lon="77.3831276" version="1" timestamp="2017-11-07T07:34:59Z" changeset="53574000" uid="6496766" user="PiterB"/>
  <node id="5215706244" lat="28.5163623" lon="77.3811777" version="1" timestamp="2017-11-07T07:34:59Z" changeset="53574000" uid="6496766" user="PiterB"/>
  <node id="5215706245" lat="28.5195697" lon="77.3777333" version="1" timestamp="2017-11-07T07:34:59Z" changeset="53574000" uid="6496766" user="PiterB"/>
  <node id="5215706246" lat="28.5209365" lon="77.3762207" version="1" timestamp="2017-11-07T07:34:59Z" changeset="53574000" uid="6496766" user="PiterB"/>
  <node id="5215706247" lat="28.5217201" lon="77.3749450" version="1" timestamp="2017-11-07T07:34:59Z" changeset="53574000" uid="6496766" user="PiterB"/>
  <node id="5215706248" lat="28.5228136" lon="77.3727764" version="1" timestamp="2017-11-07T07:34:59Z" changeset="53574000" uid="6496766" user="PiterB"/>
  <node id="5215706249" lat="28.5237795" lon="77.3711362" version="1" timestamp="2017-11-07T07:34:59Z" changeset="53574000" uid="6496766" user="PiterB"/>
  <node id="5215706250" lat="28.5250916" lon="77.3694232" version="1" timestamp="2017-11-07T07:34:59Z" changeset="53574000" uid="6496766" user="PiterB"/>
  <node id="5215706251" lat="28.5266406" lon="77.3674550" version="1" timestamp="2017-11-07T07:34:59Z" changeset="53574000" uid="6496766" user="PiterB"/>
  <node id="5215706252" lat="28.5278434" lon="77.3651952" version="1" timestamp="2017-11-07T07:34:59Z" changeset="53574000" uid="6496766" user="PiterB"/>
  <node id="5215706253" lat="28.5293013" lon="77.3625345" version="1" timestamp="2017-11-07T07:34:59Z" changeset="53574000" uid="6496766" user="PiterB"/>
  <node id="5215706254" lat="28.5305588" lon="77.3604934" version="1" timestamp="2017-11-07T07:34:59Z" changeset="53574000" uid="6496766" user="PiterB"/>
  <node id="5215706255" lat="28.5316704" lon="77.3590173" version="1" timestamp="2017-11-07T07:34:59Z" changeset="53574000" uid="6496766" user="PiterB"/>
  <node id="5215706256" lat="28.5325634" lon="77.3577416" version="1" timestamp="2017-11-07T07:34:59Z" changeset="53574000" uid="6496766" user="PiterB"/>
  <node id="5215706257" lat="28.5352970" lon="77.3536230" version="1" timestamp="2017-11-07T07:34:59Z" changeset="53574000" uid="6496766" user="PiterB"/>
  <node id="5215706258" lat="28.5386320" lon="77.3483744" version="1" timestamp="2017-11-07T07:34:59Z" changeset="53574000" uid="6496766" user="PiterB"/>
  <node id="5215706259" lat="28.5424226" lon="77.3422512" version="1" timestamp="2017-11-07T07:34:59Z" changeset="53574000" uid="6496766" user="PiterB"/>
  <node id="5215706260" lat="28.5444455" lon="77.3390438" version="1" timestamp="2017-11-07T07:34:59Z" changeset="53574000" uid="6496766" user="PiterB"/>
  <node id="5215706261" lat="28.5456483" lon="77.3374400" version="1" timestamp="2017-11-07T07:34:59Z" changeset="53574000" uid="6496766" user="PiterB"/>
  <node id="5215706262" lat="28.5470151" lon="77.3357452" version="1" timestamp="2017-11-07T07:34:59Z" changeset="53574000" uid="6496766" user="PiterB"/>
  <node id="5215706263" lat="28.5497018" lon="77.3338353" version="2" timestamp="2026-01-12T18:21:40Z" changeset="177149748" uid="560578" user="AnnaCatarina"/>
  <node id="6093051634" lat="28.5351069" lon="77.3543960" version="1" timestamp="2018-11-26T15:34:33Z" changeset="64902069" uid="9087172" user="veeramachaneni"/>
  <node id="6093051637" lat="28.5349320" lon="77.3542782" version="1" timestamp="2018-11-26T15:34:33Z" changeset="64902069" uid="9087172" user="veeramachaneni"/>
  <node id="6093051638" lat="28.5347992" lon="77.3541414" version="1" timestamp="2018-11-26T15:34:33Z" changeset="64902069" uid="9087172" user="veeramachaneni"/>
  <node id="6093051641" lat="28.5346415" lon="77.3540202" version="1" timestamp="2018-11-26T15:34:34Z" changeset="64902069" uid="9087172" user="veeramachaneni"/>
  <node id="6093051656" lat="28.5345732" lon="77.3551843" version="1" timestamp="2018-11-26T15:34:34Z" changeset="64902069" uid="9087172" user="veeramachaneni"/>
  <node id="6093382208" lat="28.5315133" lon="77.3575173" version="1" timestamp="2018-11-26T17:57:49Z" changeset="64906830" uid="8782061" user="!rf@n"/>
  <node id="6093382209" lat="28.5316181" lon="77.3573831" version="1" timestamp="2018-11-26T17:57:49Z" changeset="64906830" uid="8782061" user="!rf@n"/>
  <node id="6094677775" lat="28.5433788" lon="77.3715181" version="1" timestamp="2018-11-27T06:44:14Z" changeset="64922709" uid="8725959" user="Anita Mahato"/>
  <node id="6094931569" lat="28.5454533" lon="77.3742226" version="1" timestamp="2018-11-27T08:57:00Z" changeset="64926839" uid="9086379" user="Abhatt13"/>
  <node id="6095241269" lat="28.5292811" lon="77.3611266" version="2" timestamp="2021-08-30T11:58:06Z" changeset="110457577" uid="12430590" user="Monumental610"/>
  <node id="6095241270" lat="28.5299593" lon="77.3616417" version="1" timestamp="2018-11-27T11:03:28Z" changeset="64930839" uid="9087172" user="veeramachaneni"/>
  <node id="6095241271" lat="28.5296388" lon="77.3613426" version="1" timestamp="2018-11-27T11:03:28Z" changeset="64930839" uid="9087172" user="veeramachaneni"/>
  <node id="6095241272" lat="28.5296883" lon="77.3614284" version="1" timestamp="2018-11-27T11:03:28Z" changeset="64930839" uid="9087172" user="veeramachaneni"/>
  <node id="6095241273" lat="28.5296178" lon="77.3612295" version="2" timestamp="2023-12-08T07:40:32Z" changeset="144891221" uid="19831062" user="olaritam"/>
  <node id="6095241274" lat="28.5296317" lon="77.3611508" version="1" timestamp="2018-11-27T11:03:28Z" changeset="64930839" uid="9087172" user="veeramachaneni"/>
  <node id="6095241275" lat="28.5296388" lon="77.3610958" version="1" timestamp="2018-11-27T11:03:28Z" changeset="64930839" uid="9087172" user="veeramachaneni"/>
  <node id="6095241276" lat="28.5296459" lon="77.3610449" version="1" timestamp="2018-11-27T11:03:28Z" changeset="64930839" uid="9087172" user="veeramachaneni"/>
  <node id="6095241277" lat="28.5296635" lon="77.3609792" version="1" timestamp="2018-11-27T11:03:28Z" changeset="64930839" uid="9087172" user="veeramachaneni"/>
  <node id="6095241278" lat="28.5296883" lon="77.3609027" version="1" timestamp="2018-11-27T11:03:28Z" changeset="64930839" uid="9087172" user="veeramachaneni"/>
  <node id="6095241279" lat="28.5294691" lon="77.3610207" version="1" timestamp="2018-11-27T11:03:28Z" changeset="64930839" uid="9087172" user="veeramachaneni"/>
  <node id="6095241280" lat="28.5295398" lon="77.3609698" version="1" timestamp="2018-11-27T11:03:28Z" changeset="64930839" uid="9087172" user="veeramachaneni"/>
  <node id="6095241281" lat="28.5296164" lon="77.3609148" version="1" timestamp="2018-11-27T11:03:28Z" changeset="64930839" uid="9087172" user="veeramachaneni"/>
  <node id="6095241282" lat="28.5293608" lon="77.3614656" version="2" timestamp="2021-08-30T11:58:06Z" changeset="110457577" uid="12430590" user="Monumental610"/>
  <node id="6095241283" lat="28.5295491" lon="77.3611142" version="2" timestamp="2021-08-30T11:58:06Z" changeset="110457577" uid="12430590" user="Monumental610"/>
  <node id="6095241284" lat="28.5292853" lon="77.3610342" version="1" timestamp="2018-11-27T11:03:28Z" changeset="64930839" uid="9087172" user="veeramachaneni"/>
  <node id="6095245985" lat="28.5291816" lon="77.3609979" version="1" timestamp="2018-11-27T11:03:28Z" changeset="64930839" uid="9087172" user="veeramachaneni"/>
  <node id="6095245986" lat="28.5288966" lon="77.3607821" version="1" timestamp="2018-11-27T11:03:28Z" changeset="64930839" uid="9087172" user="veeramachaneni"/>
  <node id="6095245987" lat="28.5290153" lon="77.3608720" version="1" timestamp="2018-11-27T11:03:28Z" changeset="64930839" uid="9087172" user="veeramachaneni"/>
  <node id="6095245988" lat="28.5290779" lon="77.3609161" version="1" timestamp="2018-11-27T11:03:28Z" changeset="64930839" uid="9087172" user="veeramachaneni"/>
  <node id="6095245989" lat="28.5288504" lon="77.3608590" version="1" timestamp="2018-11-27T11:03:28Z" changeset="64930839" uid="9087172" user="veeramachaneni"/>
  <node id="6095245990" lat="28.5289636" lon="77.3609716" version="1" timestamp="2018-11-27T11:03:28Z" changeset="64930839" uid="9087172" user="veeramachaneni"/>
  <node id="6095245991" lat="28.5292170" lon="77.3614191" version="1" timestamp="2018-11-27T11:03:28Z" changeset="64930839" uid="9087172" user="veeramachaneni"/>
  <node id="6095245992" lat="28.5294880" lon="77.3610695" version="2" timestamp="2021-08-30T11:58:06Z" changeset="110457577" uid="12430590" user="Monumental610"/>
  <node id="6095245993" lat="28.5292565" lon="77.3613645" version="2" timestamp="2021-08-30T11:58:06Z" changeset="110457577" uid="12430590" user="Monumental610"/>
  <node id="6095245994" lat="28.5294299" lon="77.3614765" version="2" timestamp="2021-08-30T11:58:06Z" changeset="110457577" uid="12430590" user="Monumental610"/>
  <node id="6095245995" lat="28.5293001" lon="77.3614265" version="2" timestamp="2021-08-30T11:58:06Z" changeset="110457577" uid="12430590" user="Monumental610"/>
  <node id="6095245996" lat="28.5292234" lon="77.3612922" version="3" timestamp="2025-08-09T09:32:11Z" changeset="170191615" uid="22649161" user="Somnath Darkunde"/>
  <node id="6095245997" lat="28.5292436" lon="77.3612022" version="2" timestamp="2021-08-30T11:58:06Z" changeset="110457577" uid="12430590" user="Monumental610"/>
  <node id="6095245998" lat="28.5293422" lon="77.3610745" version="2" timestamp="2021-08-30T11:58:06Z" changeset="110457577" uid="12430590" user="Monumental610"/>
  <node id="6095245999" lat="28.5294166" lon="77.3610549" version="2" timestamp="2021-08-30T11:58:06Z" changeset="110457577" uid="12430590" user="Monumental610"/>
  <node id="6095246000" lat="28.5294999" lon="77.3614647" version="3" timestamp="2023-12-08T07:40:32Z" changeset="144891221" uid="19831062" user="olaritam"/>
  <node id="6095246001" lat="28.5296056" lon="77.3612629" version="3" timestamp="2023-12-08T07:40:32Z" changeset="144891221" uid="19831062" user="olaritam"/>
  <node id="6095246004" lat="28.5292052" lon="77.3615397" version="1" timestamp="2018-11-27T11:03:29Z" changeset="64930839" uid="9087172" user="veeramachaneni"/>
  <node id="6095246005" lat="28.5293348" lon="77.3615827" version="1" timestamp="2018-11-27T11:03:29Z" changeset="64930839" uid="9087172" user="veeramachaneni"/>
  <node id="6095246006" lat="28.5292417" lon="77.3616591" version="1" timestamp="2018-11-27T11:03:29Z" changeset="64930839" uid="9087172" user="veeramachaneni"/>
  <node id="6095246007" lat="28.5299852" lon="77.3604307" version="1" timestamp="2018-11-27T11:03:29Z" changeset="64930839" uid="9087172" user="veeramachaneni"/>
  <node id="6095246008" lat="28.5297111" lon="77.3608330" version="1" timestamp="2018-11-27T11:03:29Z" changeset="64930839" uid="9087172" user="veeramachaneni"/>
  <node id="6095246009" lat="28.5291733" lon="77.3617186" version="1" timestamp="2018-11-27T11:03:29Z" changeset="64930839" uid="9087172" user="veeramachaneni"/>
  <node id="6191420272" lat="28.5499079" lon="77.3757109" version="2" timestamp="2022-06-29T12:56:16Z" changeset="123002178" uid="10979447" user="VLD261"/>
  <node id="6191500999" lat="28.5228789" lon="77.3705865" version="3" timestamp="2022-06-27T09:50:39Z" changeset="122901138" uid="10979447" user="VLD261"/>
  <node id="6191602088" lat="28.5217741" lon="77.3729751" version="2" timestamp="2022-06-28T04:58:11Z" changeset="122936204" uid="10979447" user="VLD261"/>
  <node id="6192299213" lat="28.5306065" lon="77.3625382" version="1" timestamp="2019-01-08T13:00:40Z" changeset="66127769" uid="8725972" user="Brat_Akki"/>
  <node id="6192299214" lat="28.5320306" lon="77.3636895" version="1" timestamp="2019-01-08T13:00:40Z" changeset="66127769" uid="8725972" user="Brat_Akki"/>
  <node id="6192299215" lat="28.5324265" lon="77.3639658" version="1" timestamp="2019-01-08T13:00:40Z" changeset="66127769" uid="8725972" user="Brat_Akki"/>
  <node id="6192299216" lat="28.5327705" lon="77.3640811" version="1" timestamp="2019-01-08T13:00:40Z" changeset="66127769" uid="8725972" user="Brat_Akki"/>
  <node id="6192299217" lat="28.5331430" lon="77.3641243" version="2" timestamp="2022-06-30T05:31:42Z" changeset="123027428" uid="9124218" user="VLD117"/>
  <node id="6192299219" lat="28.5355892" lon="77.3641059" version="1" timestamp="2019-01-08T13:00:40Z" changeset="66127769" uid="8725972" user="Brat_Akki"/>
  <node id="6192899661" lat="28.5299056" lon="77.3669824" version="3" timestamp="2024-01-05T09:40:04Z" changeset="145913608" uid="19795114" user="kunalchhapre"/>
  <node id="6192951370" lat="28.5261372" lon="77.3684714" version="1" timestamp="2019-01-08T17:29:22Z" changeset="66135318" uid="8938555" user="venkat$26"/>
  <node id="6192951371" lat="28.5258895" lon="77.3687991" version="1" timestamp="2019-01-08T17:29:22Z" changeset="66135318" uid="8938555" user="venkat$26"/>
  <node id="6193010850" lat="28.5316325" lon="77.3573646" version="2" timestamp="2025-03-25T19:58:43Z" changeset="164095084" uid="1698739" user="MyEhsan"/>
  <node id="6193150389" lat="28.5420386" lon="77.3692903" version="3" timestamp="2022-06-29T10:41:18Z" changeset="122996096" uid="10979447" user="VLD261"/>
  <node id="6627063483" lat="28.5437972" lon="77.3724314" version="1" timestamp="2019-07-18T07:39:00Z" changeset="72376357" uid="9086401" user="seena monachan"/>
  <node id="6627070485" lat="28.5431351" lon="77.3714206" version="2" timestamp="2022-06-29T13:05:16Z" changeset="123002567" uid="10979447" user="VLD261"/>
  <node id="6627070486" lat="28.5427196" lon="77.3707622" version="2" timestamp="2022-06-29T13:23:46Z" changeset="123003331" uid="10979447" user="VLD261"/>
  <node id="6639715580" lat="28.5402239" lon="77.3667302" version="1" timestamp="2019-07-23T07:51:03Z" changeset="72543572" uid="9086397" user="Kavya reddy"/>
  <node id="6639764791" lat="28.5418549" lon="77.3693068" version="2" timestamp="2022-06-29T10:41:18Z" changeset="122996096" uid="10979447" user="VLD261"/>
  <node id="6649627289" lat="28.5423154" lon="77.3700257" version="2" timestamp="2022-06-29T10:41:18Z" changeset="122996096" uid="10979447" user="VLD261"/>
  <node id="7135163870" lat="28.5515468" lon="77.3761507" version="1" timestamp="2020-01-16T08:07:40Z" changeset="79639145" uid="8782067" user="Amit kumar Yadav"/>
  <node id="8129660328" lat="28.5141111" lon="77.3837094" version="3" timestamp="2025-10-22T06:53:14Z" changeset="173611859" uid="19574771" user="jyothik"/>
  <node id="8129660351" lat="28.5161394" lon="77.3815449" version="2" timestamp="2024-05-18T12:52:50Z" changeset="151492616" uid="21016652" user="ranjitgarad"/>
  <node id="8757878307" lat="28.5416280" lon="77.3477840" version="1" timestamp="2021-05-23T14:04:49Z" changeset="105166899" uid="12430590" user="Monumental610"/>
  <node id="8757908934" lat="28.5429476" lon="77.3567024" version="1" timestamp="2021-05-23T14:04:49Z" changeset="105166899" uid="12430590" user="Monumental610"/>
  <node id="8757908936" lat="28.5467545" lon="77.3505324" version="1" timestamp="2021-05-23T14:04:49Z" changeset="105166899" uid="12430590" user="Monumental610"/>
  <node id="8757909004" lat="28.5319378" lon="77.3630966" version="1" timestamp="2021-05-23T14:04:49Z" changeset="105166899" uid="12430590" user="Monumental610"/>
  <node id="8757909005" lat="28.5461884" lon="77.3418750" version="1" timestamp="2021-05-23T14:04:49Z" changeset="105166899" uid="12430590" user="Monumental610"/>
  <node id="8757909006" lat="28.5368073" lon="77.3555687" version="1" timestamp="2021-05-23T14:04:49Z" changeset="105166899" uid="12430590" user="Monumental610"/>
  <node id="8757909007" lat="28.5366175" lon="77.3559007" version="1" timestamp="2021-05-23T14:04:49Z" changeset="105166899" uid="12430590" user="Monumental610"/>
  <node id="8757909060" lat="28.5329253" lon="77.3616024" version="1" timestamp="2021-05-23T14:04:49Z" changeset="105166899" uid="12430590" user="Monumental610"/>
  <node id="8757909061" lat="28.5320624" lon="77.3629169" version="1" timestamp="2021-05-23T14:04:49Z" changeset="105166899" uid="12430590" user="Monumental610"/>
  <node id="8757909062" lat="28.5319049" lon="77.3607387" version="2" timestamp="2023-10-05T08:59:30Z" changeset="142179214" uid="10604190" user="mani_k2"/>
  <node id="8757909063" lat="28.5317381" lon="77.3622979" version="1" timestamp="2021-05-23T14:04:49Z" changeset="105166899" uid="12430590" user="Monumental610"/>
  <node id="8757909064" lat="28.5316162" lon="77.3622818" version="1" timestamp="2021-05-23T14:04:49Z" changeset="105166899" uid="12430590" user="Monumental610"/>
  <node id="8757909065" lat="28.5315630" lon="77.3622455" version="1" timestamp="2021-05-23T14:04:49Z" changeset="105166899" uid="12430590" user="Monumental610"/>
  <node id="8757909066" lat="28.5315208" lon="77.3621938" version="1" timestamp="2021-05-23T14:04:49Z" changeset="105166899" uid="12430590" user="Monumental610"/>
  <node id="8757909067" lat="28.5314931" lon="77.3621307" version="1" timestamp="2021-05-23T14:04:49Z" changeset="105166899" uid="12430590" user="Monumental610"/>
  <node id="8757909068" lat="28.5314819" lon="77.3620613" version="1" timestamp="2021-05-23T14:04:49Z" changeset="105166899" uid="12430590" user="Monumental610"/>
  <node id="8757909069" lat="28.5322578" lon="77.3615992" version="1" timestamp="2021-05-23T14:04:49Z" changeset="105166899" uid="12430590" user="Monumental610"/>
  <node id="8757909070" lat="28.5318327" lon="77.3612326" version="1" timestamp="2021-05-23T14:04:49Z" changeset="105166899" uid="12430590" user="Monumental610"/>
  <node id="8757909071" lat="28.5319731" lon="77.3610216" version="1" timestamp="2021-05-23T14:04:49Z" changeset="105166899" uid="12430590" user="Monumental610"/>
  <node id="8757909072" lat="28.5323982" lon="77.3613882" version="1" timestamp="2021-05-23T14:04:49Z" changeset="105166899" uid="12430590" user="Monumental610"/>
  <node id="8757909073" lat="28.5325028" lon="77.3617675" version="1" timestamp="2021-05-23T14:04:49Z" changeset="105166899" uid="12430590" user="Monumental610"/>
  <node id="8757909074" lat="28.5324620" lon="77.3618289" version="1" timestamp="2021-05-23T14:04:49Z" changeset="105166899" uid="12430590" user="Monumental610"/>
  <node id="8757909075" lat="28.5325849" lon="77.3619349" version="1" timestamp="2021-05-23T14:04:49Z" changeset="105166899" uid="12430590" user="Monumental610"/>
  <node id="8757909076" lat="28.5327415" lon="77.3616996" version="1" timestamp="2021-05-23T14:04:49Z" changeset="105166899" uid="12430590" user="Monumental610"/>
  <node id="8757909077" lat="28.5326186" lon="77.3615936" version="1" timestamp="2021-05-23T14:04:49Z" changeset="105166899" uid="12430590" user="Monumental610"/>
  <node id="8757909078" lat="28.5325751" lon="77.3616588" version="1" timestamp="2021-05-23T14:04:49Z" changeset="105166899" uid="12430590" user="Monumental610"/>
  <node id="8757909079" lat="28.5325178" lon="77.3616094" version="1" timestamp="2021-05-23T14:04:49Z" changeset="105166899" uid="12430590" user="Monumental610"/>
  <node id="8757909080" lat="28.5325439" lon="77.3615703" version="1" timestamp="2021-05-23T14:04:49Z" changeset="105166899" uid="12430590" user="Monumental610"/>
  <node id="8757909081" lat="28.5324763" lon="77.3615120" version="1" timestamp="2021-05-23T14:04:49Z" changeset="105166899" uid="12430590" user="Monumental610"/>
  <node id="8757909082" lat="28.5323780" lon="77.3616598" version="1" timestamp="2021-05-23T14:04:49Z" changeset="105166899" uid="12430590" user="Monumental610"/>
  <node id="8757909083" lat="28.5323518" lon="77.3616991" version="1" timestamp="2021-05-23T14:04:49Z" changeset="105166899" uid="12430590" user="Monumental610"/>
  <node id="8757909084" lat="28.5324194" lon="77.3617573" version="1" timestamp="2021-05-23T14:04:49Z" changeset="105166899" uid="12430590" user="Monumental610"/>
  <node id="8757909085" lat="28.5324455" lon="77.3617181" version="1" timestamp="2021-05-23T14:04:49Z" changeset="105166899" uid="12430590" user="Monumental610"/>
  <node id="8757909086" lat="28.5322318" lon="77.3621832" version="1" timestamp="2021-05-23T14:04:49Z" changeset="105166899" uid="12430590" user="Monumental610"/>
  <node id="8757909087" lat="28.5321910" lon="77.3622446" version="1" timestamp="2021-05-23T14:04:49Z" changeset="105166899" uid="12430590" user="Monumental610"/>
  <node id="8757909088" lat="28.5323139" lon="77.3623507" version="1" timestamp="2021-05-23T14:04:49Z" changeset="105166899" uid="12430590" user="Monumental610"/>
  <node id="8757909089" lat="28.5324705" lon="77.3621153" version="1" timestamp="2021-05-23T14:04:49Z" changeset="105166899" uid="12430590" user="Monumental610"/>
  <node id="8757909090" lat="28.5323476" lon="77.3620093" version="1" timestamp="2021-05-23T14:04:49Z" changeset="105166899" uid="12430590" user="Monumental610"/>
  <node id="8757909091" lat="28.5323041" lon="77.3620746" version="1" timestamp="2021-05-23T14:04:49Z" changeset="105166899" uid="12430590" user="Monumental610"/>
  <node id="8757909092" lat="28.5322468" lon="77.3620252" version="1" timestamp="2021-05-23T14:04:49Z" changeset="105166899" uid="12430590" user="Monumental610"/>
  <node id="8757909093" lat="28.5322729" lon="77.3619860" version="1" timestamp="2021-05-23T14:04:49Z" changeset="105166899" uid="12430590" user="Monumental610"/>
  <node id="8757909094" lat="28.5322053" lon="77.3619278" version="1" timestamp="2021-05-23T14:04:49Z" changeset="105166899" uid="12430590" user="Monumental610"/>
  <node id="8757909095" lat="28.5321070" lon="77.3620756" version="1" timestamp="2021-05-23T14:04:49Z" changeset="105166899" uid="12430590" user="Monumental610"/>
  <node id="8757909096" lat="28.5320809" lon="77.3621148" version="1" timestamp="2021-05-23T14:04:49Z" changeset="105166899" uid="12430590" user="Monumental610"/>
  <node id="8757909097" lat="28.5321484" lon="77.3621731" version="1" timestamp="2021-05-23T14:04:49Z" changeset="105166899" uid="12430590" user="Monumental610"/>
  <node id="8757909098" lat="28.5321745" lon="77.3621338" version="1" timestamp="2021-05-23T14:04:49Z" changeset="105166899" uid="12430590" user="Monumental610"/>
  <node id="8757909099" lat="28.5319742" lon="77.3624568" version="1" timestamp="2021-05-23T14:04:49Z" changeset="105166899" uid="12430590" user="Monumental610"/>
  <node id="8757909100" lat="28.5320003" lon="77.3624176" version="1" timestamp="2021-05-23T14:04:49Z" changeset="105166899" uid="12430590" user="Monumental610"/>
  <node id="8757909101" lat="28.5319327" lon="77.3623594" version="1" timestamp="2021-05-23T14:04:49Z" changeset="105166899" uid="12430590" user="Monumental610"/>
  <node id="8757909102" lat="28.5318082" lon="77.3625464" version="1" timestamp="2021-05-23T14:04:49Z" changeset="105166899" uid="12430590" user="Monumental610"/>
  <node id="8757909103" lat="28.5318758" lon="77.3626047" version="1" timestamp="2021-05-23T14:04:49Z" changeset="105166899" uid="12430590" user="Monumental610"/>
  <node id="8757909104" lat="28.5319019" lon="77.3625654" version="1" timestamp="2021-05-23T14:04:49Z" changeset="105166899" uid="12430590" user="Monumental610"/>
  <node id="8757909105" lat="28.5318344" lon="77.3625072" version="1" timestamp="2021-05-23T14:04:49Z" changeset="105166899" uid="12430590" user="Monumental610"/>
  <node id="8757909106" lat="28.5320315" lon="77.3625062" version="1" timestamp="2021-05-23T14:04:49Z" changeset="105166899" uid="12430590" user="Monumental610"/>
  <node id="8757909107" lat="28.5319592" lon="77.3626148" version="1" timestamp="2021-05-23T14:04:49Z" changeset="105166899" uid="12430590" user="Monumental610"/>
  <node id="8757909108" lat="28.5320750" lon="77.3624409" version="1" timestamp="2021-05-23T14:04:49Z" changeset="105166899" uid="12430590" user="Monumental610"/>
  <node id="8757909109" lat="28.5319184" lon="77.3626762" version="1" timestamp="2021-05-23T14:04:49Z" changeset="105166899" uid="12430590" user="Monumental610"/>
  <node id="8757909110" lat="28.5320413" lon="77.3627822" version="1" timestamp="2021-05-23T14:04:49Z" changeset="105166899" uid="12430590" user="Monumental610"/>
  <node id="8757909111" lat="28.5321979" lon="77.3625469" version="1" timestamp="2021-05-23T14:04:49Z" changeset="105166899" uid="12430590" user="Monumental610"/>
  <node id="8757909112" lat="28.5318256" lon="77.3616608" version="1" timestamp="2021-05-23T14:04:49Z" changeset="105166899" uid="12430590" user="Monumental610"/>
  <node id="8757909113" lat="28.5316761" lon="77.3622997" version="1" timestamp="2021-05-23T14:04:49Z" changeset="105166899" uid="12430590" user="Monumental610"/>
  <node id="8757909114" lat="28.5320047" lon="77.3618013" version="1" timestamp="2021-05-23T14:04:49Z" changeset="105166899" uid="12430590" user="Monumental610"/>
  <node id="9681688944" lat="28.5458507" lon="77.3745701" version="1" timestamp="2022-04-21T05:10:00Z" changeset="119980839" uid="14196197" user="BhargavKrish2122"/>
  <node id="9825260472" lat="28.5282102" lon="77.3600198" version="1" timestamp="2022-06-17T12:11:31Z" changeset="122506188" uid="10979437" user="VLD255"/>
  <node id="9825260473" lat="28.5281496" lon="77.3601474" version="1" timestamp="2022-06-17T12:11:31Z" changeset="122506188" uid="10979437" user="VLD255"/>
  <node id="9825260474" lat="28.5281407" lon="77.3601882" version="1" timestamp="2022-06-17T12:11:31Z" changeset="122506188" uid="10979437" user="VLD255"/>
  <node id="9825260475" lat="28.5281474" lon="77.3602341" version="1" timestamp="2022-06-17T12:11:31Z" changeset="122506188" uid="10979437" user="VLD255"/>
  <node id="9825260476" lat="28.5281631" lon="77.3602800" version="1" timestamp="2022-06-17T12:11:31Z" changeset="122506188" uid="10979437" user="VLD255"/>
  <node id="9825260477" lat="28.5282034" lon="77.3603132" version="1" timestamp="2022-06-17T12:11:31Z" changeset="122506188" uid="10979437" user="VLD255"/>
  <node id="9825260478" lat="28.5287415" lon="77.3607292" version="1" timestamp="2022-06-17T12:11:31Z" changeset="122506188" uid="10979437" user="VLD255"/>
  <node id="9825260479" lat="28.5288744" lon="77.3608190" version="1" timestamp="2022-06-17T12:11:31Z" changeset="122506188" uid="10979437" user="VLD255"/>
  <node id="9826891800" lat="28.5387415" lon="77.3638866" version="1" timestamp="2022-06-18T04:51:19Z" changeset="122530919" uid="10797443" user="VLD144"/>
  <node id="9826891801" lat="28.5386485" lon="77.3639055" version="1" timestamp="2022-06-18T04:51:19Z" changeset="122530919" uid="10797443" user="VLD144"/>
  <node id="9826891802" lat="28.5385272" lon="77.3639061" version="2" timestamp="2022-06-30T05:31:42Z" changeset="123027428" uid="9124218" user="VLD117"/>
  <node id="9826891803" lat="28.5381667" lon="77.3638853" version="1" timestamp="2022-06-18T04:51:19Z" changeset="122530919" uid="10797443" user="VLD144"/>
  <node id="9826891804" lat="28.5372218" lon="77.3638210" version="1" timestamp="2022-06-18T04:51:19Z" changeset="122530919" uid="10797443" user="VLD144"/>
  <node id="9826891805" lat="28.5361638" lon="77.3637673" version="1" timestamp="2022-06-18T04:51:19Z" changeset="122530919" uid="10797443" user="VLD144"/>
  <node id="9826891806" lat="28.5351882" lon="77.3637083" version="2" timestamp="2022-06-30T05:31:42Z" changeset="123027428" uid="9124218" user="VLD117"/>
  <node id="9826891807" lat="28.5340477" lon="77.3636278" version="2" timestamp="2022-06-30T05:31:42Z" changeset="123027428" uid="9124218" user="VLD117"/>
  <node id="9826891808" lat="28.5334987" lon="77.3635970" version="1" timestamp="2022-06-18T04:51:19Z" changeset="122530919" uid="10797443" user="VLD144"/>
  <node id="9826891809" lat="28.5331382" lon="77.3635796" version="1" timestamp="2022-06-18T04:51:19Z" changeset="122530919" uid="10797443" user="VLD144"/>
  <node id="9826891810" lat="28.5328365" lon="77.3635246" version="1" timestamp="2022-06-18T04:51:19Z" changeset="122530919" uid="10797443" user="VLD144"/>
  <node id="9826891811" lat="28.5326138" lon="77.3634320" version="1" timestamp="2022-06-18T04:51:19Z" changeset="122530919" uid="10797443" user="VLD144"/>
  <node id="9826891812" lat="28.5321850" lon="77.3631276" version="1" timestamp="2022-06-18T04:51:19Z" changeset="122530919" uid="10797443" user="VLD144"/>
  <node id="9826891813" lat="28.5314509" lon="77.3625107" version="1" timestamp="2022-06-18T04:51:19Z" changeset="122530919" uid="10797443" user="VLD144"/>
  <node id="9826891814" lat="28.5308926" lon="77.3620465" version="1" timestamp="2022-06-18T04:51:19Z" changeset="122530919" uid="10797443" user="VLD144"/>
  <node id="9832207599" lat="28.5066311" lon="77.3901482" version="1" timestamp="2022-06-20T05:07:16Z" changeset="122601010" uid="13286518" user="mappymartin"/>
  <node id="9849462545" lat="28.5276425" lon="77.3676717" version="1" timestamp="2022-06-27T06:18:10Z" changeset="122891047" uid="10979447" user="VLD261"/>
  <node id="9849462546" lat="28.5274732" lon="77.3676945" version="1" timestamp="2022-06-27T06:18:10Z" changeset="122891047" uid="10979447" user="VLD261"/>
  <node id="9857149805" lat="28.5330677" lon="77.3586692" version="1" timestamp="2022-06-30T04:27:19Z" changeset="123026035" uid="9124218" user="VLD117"/>
  <node id="9857227247" lat="28.5360265" lon="77.3641333" version="1" timestamp="2022-06-30T05:31:42Z" changeset="123027428" uid="9124218" user="VLD117"/>
  <node id="9857227248" lat="28.5346777" lon="77.3642306" version="1" timestamp="2022-06-30T05:31:42Z" changeset="123027428" uid="9124218" user="VLD117"/>
  <node id="9857227249" lat="28.5338915" lon="77.3639949" version="1" timestamp="2022-06-30T05:31:42Z" changeset="123027428" uid="9124218" user="VLD117"/>
  <node id="9857227255" lat="28.5339274" lon="77.3638537" version="1" timestamp="2022-06-30T05:31:42Z" changeset="123027428" uid="9124218" user="VLD117"/>
  <node id="9857227256" lat="28.5337207" lon="77.3639835" version="1" timestamp="2022-06-30T05:31:42Z" changeset="123027428" uid="9124218" user="VLD117"/>
  <node id="9857227262" lat="28.5337280" lon="77.3638413" version="1" timestamp="2022-06-30T05:31:42Z" changeset="123027428" uid="9124218" user="VLD117"/>
  <node id="9857227263" lat="28.5374385" lon="77.3640702" version="1" timestamp="2022-06-30T05:31:42Z" changeset="123027428" uid="9124218" user="VLD117"/>
  <node id="9857227264" lat="28.5374542" lon="77.3638368" version="1" timestamp="2022-06-30T05:31:42Z" changeset="123027428" uid="9124218" user="VLD117"/>
  <node id="9859709431" lat="28.5391394" lon="77.3647127" version="1" timestamp="2022-07-01T06:54:08Z" changeset="123071405" uid="9124205" user="VLD103"/>
  <node id="9992581215" lat="28.5316737" lon="77.3605951" version="2" timestamp="2023-07-27T03:11:38Z" changeset="139064626" uid="10962652" user="Bhakr"/>
  <node id="9992581216" lat="28.5317537" lon="77.3606602" version="2" timestamp="2023-07-27T03:11:38Z" changeset="139064626" uid="10962652" user="Bhakr"/>
  <node id="9992594618" lat="28.5325365" lon="77.3613514" version="1" timestamp="2022-09-01T11:09:00Z" changeset="125650805" uid="10604185" user="T Deepika"/>
  <node id="9992594619" lat="28.5311324" lon="77.3622416" version="2" timestamp="2025-10-24T08:56:15Z" changeset="173706897" uid="21150819" user="olaag"/>
  <node id="9992594620" lat="28.5318435" lon="77.3607533" version="5" timestamp="2023-11-11T07:11:39Z" changeset="143888833" uid="19368668" user="arshadnawaz">
    <tag k="access" v="private"/>
    <tag k="barrier" v="gate"/>
  </node>
  <node id="10002788914" lat="28.5296818" lon="77.3596210" version="1" timestamp="2022-09-05T18:44:43Z" changeset="125827245" uid="10604185" user="T Deepika"/>
  <node id="10880847270" lat="28.5383053" lon="77.3641254" version="1" timestamp="2023-05-09T12:16:55Z" changeset="135893301" uid="18812446" user="neharikas"/>
  <node id="10880847271" lat="28.5383481" lon="77.3638958" version="1" timestamp="2023-05-09T12:16:55Z" changeset="135893301" uid="18812446" user="neharikas"/>
  <node id="11143855832" lat="28.5288080" lon="77.3607741" version="1" timestamp="2023-08-25T13:24:36Z" changeset="140372884" uid="19302458" user="kotakondahemanth">
    <tag k="access" v="private"/>
    <tag k="barrier" v="gate"/>
  </node>
  <node id="11340790745" lat="28.5333526" lon="77.3582491" version="1" timestamp="2023-11-11T07:13:32Z" changeset="143888867" uid="19368668" user="arshadnawaz"/>
  <node id="11340823623" lat="28.5319637" lon="77.3608571" version="1" timestamp="2023-11-11T07:11:39Z" changeset="143888833" uid="19368668" user="arshadnawaz"/>
  <node id="11340823624" lat="28.5312419" lon="77.3620623" version="1" timestamp="2023-11-11T07:11:39Z" changeset="143888833" uid="19368668" user="arshadnawaz"/>
  <node id="11340823625" lat="28.5312389" lon="77.3621064" version="1" timestamp="2023-11-11T07:11:39Z" changeset="143888833" uid="19368668" user="arshadnawaz"/>
  <node id="11340823626" lat="28.5317818" lon="77.3625548" version="1" timestamp="2023-11-11T07:11:39Z" changeset="143888833" uid="19368668" user="arshadnawaz"/>
  <node id="11915846882" lat="28.5141633" lon="77.3836537" version="1" timestamp="2024-05-18T12:52:50Z" changeset="151492616" uid="21016652" user="ranjitgarad">
    <tag k="highway" v="motorway_junction"/>
  </node>
  <node id="11915894583" lat="28.5157287" lon="77.3817352" version="1" timestamp="2024-05-18T12:48:01Z" changeset="151492442" uid="21016652" user="ranjitgarad">
    <tag k="highway" v="motorway_junction"/>
  </node>
  <node id="11924669542" lat="28.5307230" lon="77.3626324" version="1" timestamp="2024-05-22T05:25:08Z" changeset="151656328" uid="21016652" user="ranjitgarad"/>
  <node id="12110126879" lat="28.5444733" lon="77.3408702" version="1" timestamp="2024-08-14T11:23:17Z" changeset="155234909" uid="21744629" user="anandauppi"/>
  <node id="12211345028" lat="28.5355284" lon="77.3548485" version="1" timestamp="2024-09-30T10:08:36Z" changeset="157289388" uid="19294194" user="olasakeeb"/>
  <node id="12211345029" lat="28.5355960" lon="77.3549163" version="1" timestamp="2024-09-30T10:08:36Z" changeset="157289388" uid="19294194" user="olasakeeb"/>
  <node id="12211345030" lat="28.5356208" lon="77.3547182" version="1" timestamp="2024-09-30T10:08:36Z" changeset="157289388" uid="19294194" user="olasakeeb"/>
  <node id="12252019778" lat="28.5259166" lon="77.3699553" version="1" timestamp="2024-10-15T05:42:00Z" changeset="157904483" uid="21150819" user="olaag"/>
  <node id="12252019788" lat="28.5257137" lon="77.3702189" version="1" timestamp="2024-10-15T05:42:00Z" changeset="157904483" uid="21150819" user="olaag"/>
  <node id="12318245490" lat="28.5390264" lon="77.3477373" version="1" timestamp="2024-11-06T11:01:52Z" changeset="158812874" uid="20643948" user="Ajay Singh Rawat"/>
  <node id="12318245491" lat="28.5343030" lon="77.3551207" version="1" timestamp="2024-11-06T11:01:52Z" changeset="158812874" uid="20643948" user="Ajay Singh Rawat"/>
  <node id="12700426442" lat="28.5315398" lon="77.3572629" version="1" timestamp="2025-03-25T19:58:43Z" changeset="164095084" uid="1698739" user="MyEhsan"/>
  <node id="13051933620" lat="28.5477270" lon="77.3751132" version="1" timestamp="2025-08-06T10:18:35Z" changeset="170048815" uid="19505674" user="alivapanda"/>
  <node id="13059324987" lat="28.5290532" lon="77.3610821" version="1" timestamp="2025-08-09T09:32:11Z" changeset="170191615" uid="22649161" user="Somnath Darkunde">
    <tag k="ford" v="yes"/>
  </node>
  <node id="13253772277" lat="28.5308919" lon="77.3621227" version="1" timestamp="2025-10-24T08:56:15Z" changeset="173706897" uid="21150819" user="olaag"/>
  <node id="13253772278" lat="28.5308896" lon="77.3622032" version="1" timestamp="2025-10-24T08:56:15Z" changeset="173706897" uid="21150819" user="olaag"/>
  <node id="13253772279" lat="28.5309088" lon="77.3623026" version="1" timestamp="2025-10-24T08:56:15Z" changeset="173706897" uid="21150819" user="olaag"/>
  <node id="13253772280" lat="28.5309485" lon="77.3623874" version="1" timestamp="2025-10-24T08:56:15Z" changeset="173706897" uid="21150819" user="olaag"/>
  <node id="13253772281" lat="28.5310349" lon="77.3621673" version="1" timestamp="2025-10-24T08:56:15Z" changeset="173706897" uid="21150819" user="olaag"/>
  <node id="13253772282" lat="28.5308909" lon="77.3621585" version="1" timestamp="2025-10-24T08:56:15Z" changeset="173706897" uid="21150819" user="olaag"/>
  <node id="13253772283" lat="28.5309617" lon="77.3621534" version="1" timestamp="2025-10-24T08:56:15Z" changeset="173706897" uid="21150819" user="olaag"/>
  <node id="13253772284" lat="28.5312124" lon="77.3621106" version="1" timestamp="2025-10-24T08:56:15Z" changeset="173706897" uid="21150819" user="olaag">
    <tag k="access" v="private"/>
    <tag k="barrier" v="gate"/>
  </node>
  <node id="13269631730" lat="28.5285982" lon="77.3660112" version="1" timestamp="2025-10-30T07:03:40Z" changeset="173960020" uid="21150819" user="olaag"/>
  <node id="13269631739" lat="28.5284511" lon="77.3662662" version="1" timestamp="2025-10-30T07:03:40Z" changeset="173960020" uid="21150819" user="olaag"/>
  <node id="13294209036" lat="28.5318981" lon="77.3610440" version="1" timestamp="2025-11-10T10:39:05Z" changeset="174456012" uid="23489217" user="vinit tomar">
    <tag k="alt_name" v="Haldiram"/>
    <tag k="amenity" v="fast_food"/>
    <tag k="brand" v="Haldiram's"/>
    <tag k="brand:wikidata" v="Q17054442"/>
    <tag k="cuisine" v="indian"/>
    <tag k="name" v="Haldiram's"/>
    <tag k="takeaway" v="yes"/>
  </node>
  <node id="13294443092" lat="28.5315349" lon="77.3620686" version="3" timestamp="2025-11-10T12:34:35Z" changeset="174460914" uid="23489425" user="Sidhi Jain">
    <tag k="addr:city" v="Uttar Pradesh"/>
    <tag k="addr:district" v="Noida"/>
    <tag k="addr:housenumber" v="15th Floor"/>
    <tag k="addr:postcode" v="201304"/>
    <tag k="addr:street" v="Tower E, Skymark One, Sector 98"/>
    <tag k="alt_name" v="Domino's Pizza"/>
    <tag k="amenity" v="fast_food"/>
    <tag k="cuisine" v="pizza"/>
    <tag k="name" v="Domino's Pizza"/>
  </node>
  <node id="13451058302" lat="28.5486186" lon="77.3340280" version="1" timestamp="2026-01-12T18:21:40Z" changeset="177149748" uid="560578" user="AnnaCatarina"/>
  <node id="13451058303" lat="28.5491313" lon="77.3337803" version="1" timestamp="2026-01-12T18:21:40Z" changeset="177149748" uid="560578" user="AnnaCatarina"/>
  <node id="13451058304" lat="28.5494271" lon="77.3337729" version="1" timestamp="2026-01-12T18:21:40Z" changeset="177149748" uid="560578" user="AnnaCatarina"/>
  <node id="13451058305" lat="28.5499669" lon="77.3339750" version="1" timestamp="2026-01-12T18:21:40Z" changeset="177149748" uid="560578" user="AnnaCatarina"/>
  <node id="13451058306" lat="28.5488636" lon="77.3338723" version="1" timestamp="2026-01-12T18:21:40Z" changeset="177149748" uid="560578" user="AnnaCatarina"/>
  <node id="13451058307" lat="28.5510955" lon="77.3350586" version="1" timestamp="2026-01-12T18:21:40Z" changeset="177149748" uid="560578" user="AnnaCatarina"/>
  <node id="13451058308" lat="28.5522240" lon="77.3361422" version="1" timestamp="2026-01-12T18:21:40Z" changeset="177149748" uid="560578" user="AnnaCatarina"/>
  <node id="13451058309" lat="28.5532394" lon="77.3371185" version="1" timestamp="2026-01-12T18:21:40Z" changeset="177149748" uid="560578" user="AnnaCatarina"/>
  <node id="13451058310" lat="28.5535410" lon="77.3372929" version="1" timestamp="2026-01-12T18:21:40Z" changeset="177149748" uid="560578" user="AnnaCatarina"/>
  <node id="13451058311" lat="28.5539038" lon="77.3373975" version="1" timestamp="2026-01-12T18:21:40Z" changeset="177149748" uid="560578" user="AnnaCatarina"/>
  <node id="13451058312" lat="28.5542195" lon="77.3374431" version="1" timestamp="2026-01-12T18:21:40Z" changeset="177149748" uid="560578" user="AnnaCatarina"/>
  <node id="13451058313" lat="28.5549852" lon="77.3374753" version="1" timestamp="2026-01-12T18:21:40Z" changeset="177149748" uid="560578" user="AnnaCatarina"/>
  <node id="13451058314" lat="28.5552938" lon="77.3374324" version="1" timestamp="2026-01-12T18:21:40Z" changeset="177149748" uid="560578" user="AnnaCatarina"/>
  <node id="13451058315" lat="28.5571691" lon="77.3367484" version="1" timestamp="2026-01-12T18:21:40Z" changeset="177149748" uid="560578" user="AnnaCatarina"/>
  <node id="13451058316" lat="28.5579207" lon="77.3364453" version="1" timestamp="2026-01-12T18:21:40Z" changeset="177149748" uid="560578" user="AnnaCatarina"/>
  <node id="13451058317" lat="28.5597276" lon="77.3355495" version="1" timestamp="2026-01-12T18:21:40Z" changeset="177149748" uid="560578" user="AnnaCatarina"/>
  <node id="13451058318" lat="28.5600951" lon="77.3354663" version="1" timestamp="2026-01-12T18:21:40Z" changeset="177149748" uid="560578" user="AnnaCatarina"/>
  <node id="13451058319" lat="28.5604273" lon="77.3354422" version="1" timestamp="2026-01-12T18:21:40Z" changeset="177149748" uid="560578" user="AnnaCatarina"/>
  <node id="13451058320" lat="28.5613531" lon="77.3354046" version="1" timestamp="2026-01-12T18:21:40Z" changeset="177149748" uid="560578" user="AnnaCatarina"/>
  <node id="13451058321" lat="28.5617183" lon="77.3353537" version="1" timestamp="2026-01-12T18:21:40Z" changeset="177149748" uid="560578" user="AnnaCatarina"/>
  <node id="13451058322" lat="28.5620386" lon="77.3352410" version="1" timestamp="2026-01-12T18:21:40Z" changeset="177149748" uid="560578" user="AnnaCatarina"/>
  <node id="13451058323" lat="28.5622813" lon="77.3351230" version="1" timestamp="2026-01-12T18:21:40Z" changeset="177149748" uid="560578" user="AnnaCatarina"/>
  <node id="13451058324" lat="28.5625004" lon="77.3349889" version="1" timestamp="2026-01-12T18:21:40Z" changeset="177149748" uid="560578" user="AnnaCatarina"/>
  <node id="13451058325" lat="28.5634827" lon="77.3342781" version="1" timestamp="2026-01-12T18:21:40Z" changeset="177149748" uid="560578" user="AnnaCatarina"/>
  <way id="65477952" version="14" timestamp="2025-10-04T09:40:36Z" changeset="172823050" uid="2425805" user="uknown-gryphus">
    <nd ref="799249140"/>
    <nd ref="799249168"/>
    <nd ref="799249221"/>
    <nd ref="799249263"/>
    <nd ref="799249118"/>
    <nd ref="799249158"/>
    <nd ref="799249199"/>
    <nd ref="799249244"/>
    <nd ref="799249270"/>
    <nd ref="1007395922"/>
    <nd ref="799249149"/>
    <nd ref="11915894583"/>
    <nd ref="3809143656"/>
    <nd ref="799241680"/>
    <nd ref="4685422933"/>
    <nd ref="799241826"/>
    <nd ref="799242062"/>
    <nd ref="799242140"/>
    <nd ref="799241846"/>
    <nd ref="799241985"/>
    <nd ref="799242026"/>
    <nd ref="799242102"/>
    <nd ref="799242045"/>
    <nd ref="799241952"/>
    <nd ref="799241787"/>
    <nd ref="799242032"/>
    <nd ref="4685422950"/>
    <nd ref="799241987"/>
    <nd ref="799242092"/>
    <nd ref="1987285408"/>
    <nd ref="799241827"/>
    <nd ref="799241971"/>
    <nd ref="799241681"/>
    <nd ref="799241756"/>
    <nd ref="799241927"/>
    <tag k="alt_name" v="Gautam Budh Expressway"/>
    <tag k="dual_carriageway" v="yes"/>
    <tag k="expressway" v="yes"/>
    <tag k="highway" v="trunk"/>
    <tag k="int_ref" v="AH1"/>
    <tag k="lanes" v="3"/>
    <tag k="maxspeed" v="100"/>
    <tag k="name" v="Noida-Greater Noida Expressway"/>
    <tag k="name:hi" v="नोएडा-ग्रेटर नोएडा एक्सप्रेसवे"/>
    <tag k="oneway" v="yes"/>
    <tag k="surface" v="asphalt"/>
    <tag k="wikidata" v="Q7047609"/>
    <tag k="wikipedia" v="en:Noida–Greater Noida Expressway"/>
  </way>
  <way id="65477958" version="6" timestamp="2025-10-04T09:40:36Z" changeset="172823050" uid="2425805" user="uknown-gryphus">
    <nd ref="799241927"/>
    <nd ref="799242114"/>
    <tag k="alt_name" v="Gautam Budh Expressway"/>
    <tag k="bridge" v="yes"/>
    <tag k="dual_carriageway" v="yes"/>
    <tag k="expressway" v="yes"/>
    <tag k="highway" v="trunk"/>
    <tag k="int_ref" v="AH1"/>
    <tag k="lanes" v="3"/>
    <tag k="layer" v="1"/>
    <tag k="maxspeed" v="80"/>
    <tag k="name" v="Noida-Greater Noida Expressway"/>
    <tag k="name:hi" v="नोएडा-ग्रेटर नोएडा एक्सप्रेसवे"/>
    <tag k="oneway" v="yes"/>
    <tag k="surface" v="asphalt"/>
  </way>
  <way id="65477965" version="6" timestamp="2025-10-04T09:40:36Z" changeset="172823050" uid="2425805" user="uknown-gryphus">
    <nd ref="308729159"/>
    <nd ref="799242050"/>
    <tag k="alt_name" v="Gautam Budh Expressway"/>
    <tag k="bridge" v="yes"/>
    <tag k="dual_carriageway" v="yes"/>
    <tag k="expressway" v="yes"/>
    <tag k="highway" v="trunk"/>
    <tag k="int_ref" v="AH1"/>
    <tag k="lanes" v="4"/>
    <tag k="layer" v="1"/>
    <tag k="maxspeed" v="80"/>
    <tag k="name" v="Noida-Greater Noida Expressway"/>
    <tag k="oneway" v="yes"/>
    <tag k="surface" v="asphalt"/>
  </way>
  <way id="65477971" version="4" timestamp="2025-09-03T06:37:46Z" changeset="171390967" uid="16275544" user="nileshbarawkar">
    <nd ref="799249229"/>
    <nd ref="6095246000"/>
    <tag k="alt_name" v="Link Road"/>
    <tag k="highway" v="tertiary"/>
    <tag k="name" v="Vishwakarma Road"/>
    <tag k="oneway" v="yes"/>
    <tag k="surface" v="asphalt"/>
  </way>
  <way id="65477987" version="15" timestamp="2025-10-22T06:53:14Z" changeset="173611859" uid="19574771" user="jyothik">
    <nd ref="799242050"/>
    <nd ref="799242127"/>
    <nd ref="799242109"/>
    <nd ref="308729160"/>
    <nd ref="799241999"/>
    <nd ref="799241802"/>
    <nd ref="799241668"/>
    <nd ref="799242073"/>
    <nd ref="4685422940"/>
    <nd ref="4685422939"/>
    <nd ref="799242008"/>
    <nd ref="1987285398"/>
    <nd ref="308729161"/>
    <nd ref="799241947"/>
    <nd ref="799241995"/>
    <nd ref="799242068"/>
    <nd ref="4685422934"/>
    <nd ref="799241718"/>
    <nd ref="308729162"/>
    <nd ref="8129660351"/>
    <nd ref="11915846882"/>
    <nd ref="8129660328"/>
    <nd ref="799249191"/>
    <nd ref="1987285386"/>
    <nd ref="1987285383"/>
    <nd ref="712889147"/>
    <nd ref="1007396174"/>
    <nd ref="712889150"/>
    <nd ref="799249177"/>
    <nd ref="308729164"/>
    <nd ref="799249208"/>
    <nd ref="799249227"/>
    <nd ref="712889158"/>
    <tag k="alt_name" v="Gautam Budh Expressway"/>
    <tag k="dual_carriageway" v="yes"/>
    <tag k="expressway" v="yes"/>
    <tag k="highway" v="trunk"/>
    <tag k="int_ref" v="AH1"/>
    <tag k="lanes" v="4"/>
    <tag k="maxspeed" v="100"/>
    <tag k="name" v="Noida-Greater Noida Expressway"/>
    <tag k="name:hi" v="नोएडा-ग्रेटर नोएडा एक्सप्रेसवे"/>
    <tag k="oneway" v="yes"/>
    <tag k="surface" v="asphalt"/>
    <tag k="wikidata" v="Q7047609"/>
    <tag k="wikipedia" v="en:Noida–Greater Noida Expressway"/>
  </way>
  <way id="65497558" version="5" timestamp="2024-08-14T11:23:17Z" changeset="155234909" uid="21744629" user="anandauppi">
    <nd ref="799342562"/>
    <nd ref="799342159"/>
    <nd ref="799342698"/>
    <nd ref="799342558"/>
    <nd ref="12110126879"/>
    <nd ref="799342696"/>
    <nd ref="799342155"/>
    <nd ref="799343712"/>
    <nd ref="799343754"/>
    <nd ref="799343648"/>
    <nd ref="799342211"/>
    <nd ref="799342564"/>
    <nd ref="799342027"/>
    <nd ref="799342076"/>
    <nd ref="799343695"/>
    <nd ref="799343905"/>
    <nd ref="799342614"/>
    <nd ref="799342661"/>
    <nd ref="799342112"/>
    <nd ref="799342499"/>
    <nd ref="799342592"/>
    <nd ref="799342621"/>
    <nd ref="3353400766"/>
    <nd ref="799343783"/>
    <nd ref="799342085"/>
    <nd ref="2714782495"/>
    <nd ref="799343921"/>
    <nd ref="799343987"/>
    <nd ref="799342689"/>
    <nd ref="799343709"/>
    <nd ref="799342522"/>
    <nd ref="799342554"/>
    <nd ref="799342497"/>
    <nd ref="799342603"/>
    <nd ref="799342491"/>
    <nd ref="799342080"/>
    <nd ref="799342151"/>
    <tag k="power" v="line"/>
    <tag k="voltage" v="132000"/>
  </way>
  <way id="68771019" version="23" timestamp="2025-09-03T06:37:46Z" changeset="171390967" uid="16275544" user="nileshbarawkar">
    <nd ref="826478199"/>
    <nd ref="7135163870"/>
    <nd ref="826478714"/>
    <nd ref="6191420272"/>
    <nd ref="826478777"/>
    <nd ref="13051933620"/>
    <nd ref="826478673"/>
    <nd ref="826478520"/>
    <nd ref="826478596"/>
    <nd ref="9681688944"/>
    <nd ref="826478537"/>
    <nd ref="826478690"/>
    <nd ref="826478109"/>
    <nd ref="826478270"/>
    <nd ref="826478499"/>
    <nd ref="6627063483"/>
    <nd ref="6627070485"/>
    <nd ref="6627070486"/>
    <nd ref="1817451168"/>
    <nd ref="1817451165"/>
    <nd ref="6649627289"/>
    <nd ref="826478658"/>
    <nd ref="6639764791"/>
    <nd ref="826539489"/>
    <nd ref="826540129"/>
    <nd ref="6639715580"/>
    <nd ref="4214905042"/>
    <nd ref="826478748"/>
    <nd ref="826478395"/>
    <nd ref="826478480"/>
    <nd ref="826478631"/>
    <nd ref="826539653"/>
    <nd ref="826478155"/>
    <nd ref="1817401446"/>
    <nd ref="826478327"/>
    <nd ref="826478412"/>
    <nd ref="826478567"/>
    <nd ref="9857227247"/>
    <nd ref="6192299219"/>
    <nd ref="826478802"/>
    <nd ref="9857227249"/>
    <nd ref="9857227256"/>
    <nd ref="826478398"/>
    <nd ref="826478487"/>
    <nd ref="826478638"/>
    <nd ref="826478165"/>
    <nd ref="826478336"/>
    <nd ref="826540118"/>
    <tag k="alt_name" v="Link Road"/>
    <tag k="highway" v="tertiary"/>
    <tag k="lanes" v="3"/>
    <tag k="name" v="Vishwakarma Road"/>
    <tag k="oneway" v="yes"/>
    <tag k="smoothness" v="good"/>
    <tag k="surface" v="asphalt"/>
  </way>
  <way id="68771192" version="19" timestamp="2025-09-03T06:37:46Z" changeset="171390967" uid="16275544" user="nileshbarawkar">
    <nd ref="6095246001"/>
    <nd ref="6095241271"/>
    <nd ref="6095241272"/>
    <nd ref="6095241270"/>
    <nd ref="826478283"/>
    <nd ref="826539582"/>
    <tag k="alt_name" v="Link Road"/>
    <tag k="highway" v="tertiary"/>
    <tag k="name" v="Vishwakarma Road"/>
    <tag k="oneway" v="yes"/>
    <tag k="surface" v="asphalt"/>
  </way>
  <way id="71866022" version="2" timestamp="2021-05-23T14:04:49Z" changeset="105166899" uid="12430590" user="Monumental610">
    <nd ref="853985772"/>
    <nd ref="853985996"/>
    <nd ref="853985935"/>
    <nd ref="853985844"/>
    <nd ref="853985760"/>
    <nd ref="8757909004"/>
    <nd ref="853985690"/>
    <nd ref="853985627"/>
    <nd ref="8757909062"/>
    <nd ref="853985753"/>
    <nd ref="8757909007"/>
    <nd ref="853985772"/>
    <tag k="is_in" v="Noida"/>
    <tag k="landuse" v="residential"/>
    <tag k="layer" v="-5"/>
    <tag k="name" v="Sector 98"/>
  </way>
  <way id="170566136" version="1" timestamp="2012-07-08T09:56:20Z" changeset="12147799" uid="56597" user="Oberaffe">
    <nd ref="1817400429"/>
    <nd ref="1817400513"/>
    <nd ref="1817400716"/>
    <nd ref="1817400811"/>
    <nd ref="1817400857"/>
    <nd ref="1817401354"/>
    <nd ref="1817401391"/>
    <nd ref="1817401392"/>
    <nd ref="1817401318"/>
    <nd ref="1817401310"/>
    <nd ref="1817401325"/>
    <nd ref="1817401340"/>
    <nd ref="1817401358"/>
    <nd ref="1817401330"/>
    <nd ref="1817401327"/>
    <nd ref="1817401362"/>
    <nd ref="1817401388"/>
    <nd ref="1817400855"/>
    <nd ref="1817400429"/>
    <tag k="is_in" v="Noida"/>
    <tag k="landuse" v="residential"/>
    <tag k="name" v="Sector 105"/>
  </way>
  <way id="170566167" version="9" timestamp="2026-04-25T06:46:47Z" changeset="181792946" uid="23820566" user="Thiru Blue Star">
    <nd ref="1817401038"/>
    <nd ref="1817401026"/>
    <nd ref="1817400995"/>
    <nd ref="1817400802"/>
    <nd ref="6193010850"/>
    <nd ref="6093382209"/>
    <nd ref="6093382208"/>
    <nd ref="1817400714"/>
    <nd ref="1817400685"/>
    <nd ref="1817400610"/>
    <nd ref="6095245987"/>
    <nd ref="6095245990"/>
    <nd ref="1817400567"/>
    <nd ref="1817400514"/>
    <nd ref="1817400462"/>
    <nd ref="1819560480"/>
    <nd ref="1817400431"/>
    <nd ref="1817400425"/>
    <nd ref="1817400406"/>
    <nd ref="1817400403"/>
    <nd ref="1817400399"/>
    <nd ref="1817400395"/>
    <nd ref="1817400391"/>
    <nd ref="6191602088"/>
    <nd ref="799241844"/>
    <tag k="highway" v="tertiary"/>
    <tag k="name" v="Sardar Vallabhbhai Patel Marg"/>
    <tag k="name:etymology:wikidata" v="Q9455"/>
    <tag k="oneway" v="yes"/>
    <tag k="surface" v="asphalt"/>
  </way>
  <way id="170566174" version="13" timestamp="2026-04-25T06:46:47Z" changeset="181792946" uid="23820566" user="Thiru Blue Star">
    <nd ref="1817400390"/>
    <nd ref="3752717700"/>
    <nd ref="1817400393"/>
    <nd ref="1817400397"/>
    <nd ref="6191500999"/>
    <nd ref="3752725162"/>
    <nd ref="1817400401"/>
    <nd ref="1817400404"/>
    <nd ref="3752725187"/>
    <nd ref="1817400423"/>
    <nd ref="1817400433"/>
    <nd ref="1817400442"/>
    <nd ref="1819560479"/>
    <nd ref="1817400464"/>
    <nd ref="1817400496"/>
    <nd ref="1817400565"/>
    <nd ref="1817400589"/>
    <nd ref="6095245989"/>
    <nd ref="9825260479"/>
    <nd ref="6095245986"/>
    <nd ref="1817400633"/>
    <nd ref="10002788914"/>
    <nd ref="1817400672"/>
    <nd ref="1817400712"/>
    <nd ref="1819520587"/>
    <nd ref="1819520590"/>
    <nd ref="12700426442"/>
    <nd ref="1817400773"/>
    <nd ref="1817400812"/>
    <nd ref="1817400999"/>
    <nd ref="1817401014"/>
    <tag k="highway" v="tertiary"/>
    <tag k="name" v="Sardar Vallabhbhai Patel Marg"/>
    <tag k="name:etymology:wikidata" v="Q9455"/>
    <tag k="oneway" v="yes"/>
    <tag k="surface" v="asphalt"/>
  </way>
  <way id="170566350" version="3" timestamp="2025-05-14T14:04:55Z" changeset="166256515" uid="21449475" user="triyanroy">
    <nd ref="1817400426"/>
    <nd ref="1817400504"/>
    <nd ref="9849462546"/>
    <nd ref="1817400537"/>
    <nd ref="1817400575"/>
    <nd ref="826539631"/>
    <tag k="highway" v="tertiary"/>
    <tag k="oneway" v="yes"/>
    <tag k="surface" v="asphalt"/>
  </way>
  <way id="170566354" version="6" timestamp="2024-05-22T05:25:08Z" changeset="151656328" uid="21016652" user="ranjitgarad">
    <nd ref="11924669542"/>
    <nd ref="6192299214"/>
    <nd ref="6192299215"/>
    <nd ref="6192299216"/>
    <nd ref="6192299217"/>
    <nd ref="9857227248"/>
    <nd ref="1817401251"/>
    <tag k="highway" v="residential"/>
  </way>
  <way id="170818369" version="3" timestamp="2025-08-09T09:32:11Z" changeset="170191615" uid="22649161" user="Somnath Darkunde">
    <nd ref="1819560501"/>
    <nd ref="1819560497"/>
    <nd ref="1819560495"/>
    <nd ref="1819560493"/>
    <nd ref="1819560491"/>
    <nd ref="13059324987"/>
    <nd ref="1819560490"/>
    <nd ref="1819560488"/>
    <nd ref="1819560487"/>
    <nd ref="1819560482"/>
    <nd ref="1819560478"/>
    <nd ref="1819560477"/>
    <nd ref="1819560475"/>
    <nd ref="1819560474"/>
    <nd ref="1819560473"/>
    <nd ref="1819560471"/>
    <nd ref="1819560470"/>
    <nd ref="1819560469"/>
    <nd ref="1819560465"/>
    <nd ref="1819560464"/>
    <nd ref="1819560461"/>
    <nd ref="1819560458"/>
    <nd ref="1819560457"/>
    <nd ref="1819560456"/>
    <nd ref="1819560455"/>
    <nd ref="1819560451"/>
    <nd ref="1819560450"/>
    <nd ref="1819560449"/>
    <nd ref="1819560448"/>
    <nd ref="1819560447"/>
    <nd ref="1819560446"/>
    <nd ref="1819560445"/>
    <nd ref="1819560444"/>
    <nd ref="1819560443"/>
    <nd ref="1819560442"/>
    <nd ref="1819560441"/>
    <nd ref="1819560440"/>
    <nd ref="9832207599"/>
    <tag k="waterway" v="drain"/>
  </way>
  <way id="538930428" version="8" timestamp="2026-01-12T18:21:40Z" changeset="177149748" uid="560578" user="AnnaCatarina">
    <nd ref="13451058325"/>
    <nd ref="13451058324"/>
    <nd ref="13451058323"/>
    <nd ref="13451058322"/>
    <nd ref="13451058321"/>
    <nd ref="13451058320"/>
    <nd ref="13451058319"/>
    <nd ref="13451058318"/>
    <nd ref="13451058317"/>
    <nd ref="13451058316"/>
    <nd ref="13451058315"/>
    <nd ref="13451058314"/>
    <nd ref="13451058313"/>
    <nd ref="13451058312"/>
    <nd ref="13451058311"/>
    <nd ref="13451058310"/>
    <nd ref="13451058309"/>
    <nd ref="13451058308"/>
    <nd ref="13451058307"/>
    <nd ref="13451058305"/>
    <nd ref="5215706263"/>
    <nd ref="13451058304"/>
    <nd ref="13451058303"/>
    <nd ref="13451058306"/>
    <nd ref="13451058302"/>
    <nd ref="5215706262"/>
    <nd ref="5215706261"/>
    <nd ref="5215706260"/>
    <nd ref="5215706259"/>
    <nd ref="12318245490"/>
    <nd ref="5215706258"/>
    <nd ref="5215706257"/>
    <nd ref="12318245491"/>
    <nd ref="5215706256"/>
    <nd ref="5215706255"/>
    <nd ref="5215706254"/>
    <nd ref="5215706253"/>
    <nd ref="5215706252"/>
    <nd ref="5215706251"/>
    <nd ref="5215706250"/>
    <nd ref="5215706249"/>
    <nd ref="5215706248"/>
    <nd ref="5215706247"/>
    <nd ref="5215706246"/>
    <nd ref="5215706245"/>
    <nd ref="5215706244"/>
    <nd ref="5215706243"/>
    <nd ref="5215706242"/>
    <nd ref="5215706241"/>
    <nd ref="5215706240"/>
    <nd ref="5215706239"/>
    <nd ref="5215706238"/>
    <nd ref="5215706237"/>
    <nd ref="5215706236"/>
    <tag k="bridge" v="viaduct"/>
    <tag k="electrified" v="yes"/>
    <tag k="frequency" v="50"/>
    <tag k="gauge" v="1435"/>
    <tag k="layer" v="2"/>
    <tag k="name" v="Botanical Garden to Noida Sector 142 (Route-2)"/>
    <tag k="proposed" v="subway"/>
    <tag k="proposed:railway" v="subway"/>
    <tag k="railway" v="proposed"/>
    <tag k="tracks" v="2"/>
    <tag k="usage" v="branch"/>
    <tag k="voltage" v="25000"/>
  </way>
  <way id="649196337" version="7" timestamp="2025-05-14T14:03:15Z" changeset="166256515" uid="21449475" user="triyanroy">
    <nd ref="6095246008"/>
    <nd ref="799241677"/>
    <nd ref="6095246007"/>
    <nd ref="799241818"/>
    <nd ref="799241917"/>
    <nd ref="799242011"/>
    <nd ref="799242119"/>
    <nd ref="799241751"/>
    <nd ref="799241832"/>
    <nd ref="1817401095"/>
    <nd ref="6093051641"/>
    <tag k="highway" v="tertiary"/>
    <tag k="surface" v="asphalt"/>
  </way>
  <way id="649196340" version="4" timestamp="2025-10-04T09:40:36Z" changeset="172823050" uid="2425805" user="uknown-gryphus">
    <nd ref="799242114"/>
    <nd ref="799241798"/>
    <nd ref="799241959"/>
    <nd ref="799242000"/>
    <nd ref="799242075"/>
    <nd ref="6093051638"/>
    <tag k="alt_name" v="Gautam Budh Expressway"/>
    <tag k="dual_carriageway" v="yes"/>
    <tag k="expressway" v="yes"/>
    <tag k="highway" v="trunk"/>
    <tag k="int_ref" v="AH1"/>
    <tag k="lanes" v="3"/>
    <tag k="maxspeed" v="80"/>
    <tag k="name" v="Noida-Greater Noida Expressway"/>
    <tag k="name:hi" v="नोएडा-ग्रेटर नोएडा एक्सप्रेसवे"/>
    <tag k="oneway" v="yes"/>
    <tag k="surface" v="asphalt"/>
    <tag k="wikidata" v="Q7047609"/>
    <tag k="wikipedia" v="en:Noida–Greater Noida Expressway"/>
  </way>
  <way id="649196341" version="4" timestamp="2025-10-04T09:40:36Z" changeset="172823050" uid="2425805" user="uknown-gryphus">
    <nd ref="6093051637"/>
    <nd ref="799241973"/>
    <nd ref="799242082"/>
    <nd ref="799241829"/>
    <nd ref="799241701"/>
    <nd ref="308729159"/>
    <tag k="alt_name" v="Gautam Budh Expressway"/>
    <tag k="dual_carriageway" v="yes"/>
    <tag k="expressway" v="yes"/>
    <tag k="highway" v="trunk"/>
    <tag k="int_ref" v="AH1"/>
    <tag k="lanes" v="4"/>
    <tag k="maxspeed" v="80"/>
    <tag k="name" v="Noida-Greater Noida Expressway"/>
    <tag k="name:hi" v="नोएडा-ग्रेटर नोएडा एक्सप्रेसवे"/>
    <tag k="oneway" v="yes"/>
    <tag k="surface" v="asphalt"/>
    <tag k="wikidata" v="Q7047609"/>
    <tag k="wikipedia" v="en:Noida–Greater Noida Expressway"/>
  </way>
  <way id="649196346" version="3" timestamp="2025-05-31T13:52:08Z" changeset="167013023" uid="21449475" user="triyanroy">
    <nd ref="826539631"/>
    <nd ref="826539582"/>
    <tag k="highway" v="tertiary"/>
    <tag k="oneway" v="yes"/>
    <tag k="surface" v="asphalt"/>
  </way>
  <way id="649501693" version="2" timestamp="2025-05-21T09:14:17Z" changeset="166557907" uid="21449475" user="triyanroy">
    <nd ref="6095246000"/>
    <nd ref="6095246005"/>
    <nd ref="6095246006"/>
    <nd ref="6095246009"/>
    <tag k="highway" v="tertiary"/>
    <tag k="oneway" v="yes"/>
    <tag k="surface" v="asphalt"/>
  </way>
  <way id="649501694" version="4" timestamp="2025-05-21T09:14:29Z" changeset="166557907" uid="21449475" user="triyanroy">
    <nd ref="6095245999"/>
    <nd ref="6095241279"/>
    <nd ref="6095241280"/>
    <nd ref="6095241281"/>
    <nd ref="6095246008"/>
    <tag k="highway" v="tertiary"/>
    <tag k="oneway" v="yes"/>
    <tag k="surface" v="asphalt"/>
  </way>
  <way id="649501695" version="6" timestamp="2025-10-17T05:57:19Z" changeset="173393197" uid="21150819" user="olaag">
    <nd ref="6093051634"/>
    <nd ref="6093051656"/>
    <nd ref="826478130"/>
    <nd ref="799249213"/>
    <nd ref="799249283"/>
    <nd ref="826478283"/>
    <tag k="highway" v="tertiary"/>
    <tag k="oneway" v="yes"/>
    <tag k="surface" v="asphalt"/>
  </way>
  <way id="649501696" version="5" timestamp="2025-05-21T09:14:27Z" changeset="166557907" uid="21449475" user="triyanroy">
    <nd ref="6095246008"/>
    <nd ref="6095241278"/>
    <nd ref="6095241277"/>
    <nd ref="6095241276"/>
    <nd ref="6095241275"/>
    <nd ref="6095241274"/>
    <nd ref="6095241273"/>
    <nd ref="6095246001"/>
    <tag k="highway" v="tertiary"/>
    <tag k="oneway" v="yes"/>
    <tag k="surface" v="asphalt"/>
  </way>
  <way id="649501697" version="2" timestamp="2025-05-21T09:14:13Z" changeset="166557907" uid="21449475" user="triyanroy">
    <nd ref="6095245986"/>
    <nd ref="6095245987"/>
    <nd ref="6095245988"/>
    <nd ref="6095245985"/>
    <nd ref="6095241284"/>
    <nd ref="6095245999"/>
    <tag k="highway" v="tertiary"/>
    <tag k="oneway" v="yes"/>
    <tag k="surface" v="asphalt"/>
  </way>
  <way id="649501698" version="3" timestamp="2025-05-21T09:14:05Z" changeset="166557907" uid="21449475" user="triyanroy">
    <nd ref="6095246009"/>
    <nd ref="6095246004"/>
    <nd ref="6095245991"/>
    <nd ref="6095245996"/>
    <tag k="highway" v="tertiary"/>
    <tag k="oneway" v="yes"/>
    <tag k="surface" v="asphalt"/>
  </way>
  <way id="649501700" version="2" timestamp="2025-05-14T14:04:43Z" changeset="166256515" uid="21449475" user="triyanroy">
    <nd ref="6095246009"/>
    <nd ref="799241964"/>
    <nd ref="799241880"/>
    <nd ref="799241741"/>
    <nd ref="1819560486"/>
    <nd ref="799242076"/>
    <tag k="highway" v="tertiary"/>
    <tag k="surface" v="asphalt"/>
  </way>
  <way id="661510104" version="2" timestamp="2025-05-26T13:38:35Z" changeset="166780090" uid="21449475" user="triyanroy">
    <nd ref="6192299214"/>
    <nd ref="6192899661"/>
    <tag k="highway" v="residential"/>
    <tag k="surface" v="asphalt"/>
  </way>
  <way id="946030910" version="1" timestamp="2021-05-23T14:04:49Z" changeset="105166899" uid="12430590" user="Monumental610">
    <nd ref="8757909061"/>
    <nd ref="8757909060"/>
    <nd ref="8757909007"/>
    <nd ref="853985753"/>
    <nd ref="853985883"/>
    <nd ref="8757909006"/>
    <nd ref="8757878307"/>
    <nd ref="8757909005"/>
    <nd ref="853985859"/>
    <nd ref="1819560543"/>
    <nd ref="8757908936"/>
    <nd ref="853985587"/>
    <nd ref="8757908934"/>
    <nd ref="853985677"/>
    <nd ref="853985772"/>
    <nd ref="853985996"/>
    <nd ref="853985935"/>
    <nd ref="853985844"/>
    <nd ref="853985760"/>
    <nd ref="8757909004"/>
    <nd ref="8757909061"/>
    <tag k="name" v="Unitech Golf And Country Club"/>
  </way>
  <way id="946030919" version="1" timestamp="2021-05-23T14:04:49Z" changeset="105166899" uid="12430590" user="Monumental610">
    <nd ref="8757909062"/>
    <nd ref="853985627"/>
    <nd ref="8757909061"/>
    <nd ref="8757909060"/>
    <nd ref="8757909062"/>
    <tag k="landuse" v="residential"/>
    <tag k="name" v="Lotus Isle"/>
    <tag k="residential" v="apartments"/>
  </way>
  <way id="946030920" version="1" timestamp="2021-05-23T14:04:49Z" changeset="105166899" uid="12430590" user="Monumental610">
    <nd ref="8757909063"/>
    <nd ref="8757909114"/>
    <nd ref="8757909112"/>
    <nd ref="8757909068"/>
    <nd ref="8757909067"/>
    <nd ref="8757909066"/>
    <nd ref="8757909065"/>
    <nd ref="8757909064"/>
    <nd ref="8757909113"/>
    <nd ref="8757909063"/>
    <tag k="building" v="yes"/>
  </way>
  <way id="946030921" version="1" timestamp="2021-05-23T14:04:49Z" changeset="105166899" uid="12430590" user="Monumental610">
    <nd ref="8757909072"/>
    <nd ref="8757909069"/>
    <nd ref="8757909070"/>
    <nd ref="8757909071"/>
    <nd ref="8757909072"/>
    <tag k="building" v="yes"/>
  </way>
  <way id="946030922" version="1" timestamp="2021-05-23T14:04:49Z" changeset="105166899" uid="12430590" user="Monumental610">
    <nd ref="8757909085"/>
    <nd ref="8757909084"/>
    <nd ref="8757909083"/>
    <nd ref="8757909082"/>
    <nd ref="8757909081"/>
    <nd ref="8757909080"/>
    <nd ref="8757909079"/>
    <nd ref="8757909078"/>
    <nd ref="8757909077"/>
    <nd ref="8757909076"/>
    <nd ref="8757909075"/>
    <nd ref="8757909074"/>
    <nd ref="8757909073"/>
    <nd ref="8757909085"/>
    <tag k="building" v="yes"/>
  </way>
  <way id="946030923" version="1" timestamp="2021-05-23T14:04:49Z" changeset="105166899" uid="12430590" user="Monumental610">
    <nd ref="8757909098"/>
    <nd ref="8757909097"/>
    <nd ref="8757909096"/>
    <nd ref="8757909095"/>
    <nd ref="8757909094"/>
    <nd ref="8757909093"/>
    <nd ref="8757909092"/>
    <nd ref="8757909091"/>
    <nd ref="8757909090"/>
    <nd ref="8757909089"/>
    <nd ref="8757909088"/>
    <nd ref="8757909087"/>
    <nd ref="8757909086"/>
    <nd ref="8757909098"/>
    <tag k="building" v="yes"/>
  </way>
  <way id="946030924" version="1" timestamp="2021-05-23T14:04:49Z" changeset="105166899" uid="12430590" user="Monumental610">
    <nd ref="8757909104"/>
    <nd ref="8757909103"/>
    <nd ref="8757909102"/>
    <nd ref="8757909105"/>
    <nd ref="8757909101"/>
    <nd ref="8757909100"/>
    <nd ref="8757909099"/>
    <nd ref="8757909106"/>
    <nd ref="8757909108"/>
    <nd ref="8757909111"/>
    <nd ref="8757909110"/>
    <nd ref="8757909109"/>
    <nd ref="8757909107"/>
    <nd ref="8757909104"/>
    <tag k="building" v="yes"/>
  </way>
  <way id="1070613581" version="2" timestamp="2023-08-25T13:24:36Z" changeset="140372884" uid="19302458" user="kotakondahemanth">
    <nd ref="9825260472"/>
    <nd ref="9825260473"/>
    <nd ref="9825260474"/>
    <nd ref="9825260475"/>
    <nd ref="9825260476"/>
    <nd ref="9825260477"/>
    <nd ref="9825260478"/>
    <nd ref="11143855832"/>
    <nd ref="9825260479"/>
    <tag k="access" v="private"/>
    <tag k="highway" v="service"/>
    <tag k="source" v="maxar"/>
  </way>
  <way id="1070827848" version="3" timestamp="2025-08-09T09:32:11Z" changeset="170191615" uid="22649161" user="Somnath Darkunde">
    <nd ref="6095245996"/>
    <nd ref="13059324987"/>
    <nd ref="6095245990"/>
    <nd ref="6095245989"/>
    <tag k="highway" v="tertiary"/>
    <tag k="oneway" v="yes"/>
    <tag k="surface" v="asphalt"/>
  </way>
  <way id="1070832102" version="5" timestamp="2025-10-24T08:56:15Z" changeset="173706897" uid="21150819" user="olaag">
    <nd ref="13253772282"/>
    <nd ref="13253772283"/>
    <nd ref="13253772281"/>
    <nd ref="9992594619"/>
    <nd ref="9826891813"/>
    <nd ref="9826891812"/>
    <nd ref="9826891811"/>
    <nd ref="9826891810"/>
    <nd ref="9826891809"/>
    <nd ref="9826891808"/>
    <nd ref="9826891807"/>
    <nd ref="9826891806"/>
    <nd ref="9826891805"/>
    <nd ref="9826891804"/>
    <nd ref="9857227264"/>
    <nd ref="9826891803"/>
    <nd ref="10880847271"/>
    <nd ref="9826891802"/>
    <nd ref="9826891801"/>
    <nd ref="9826891800"/>
    <tag k="highway" v="service"/>
    <tag k="source" v="maxar"/>
  </way>
  <way id="1088996314" version="3" timestamp="2025-09-03T06:37:46Z" changeset="171390967" uid="16275544" user="nileshbarawkar">
    <nd ref="826539582"/>
    <nd ref="826539819"/>
    <tag k="alt_name" v="Link Road"/>
    <tag k="highway" v="tertiary"/>
    <tag k="name" v="Vishwakarma Road"/>
    <tag k="oneway" v="yes"/>
    <tag k="surface" v="asphalt"/>
  </way>
  <way id="1088996315" version="4" timestamp="2025-05-14T14:04:09Z" changeset="166256515" uid="21449475" user="triyanroy">
    <nd ref="826539582"/>
    <nd ref="9992581215"/>
    <nd ref="826539868"/>
    <nd ref="826539552"/>
    <nd ref="826539800"/>
    <nd ref="12211345028"/>
    <nd ref="12211345030"/>
    <tag k="highway" v="tertiary"/>
    <tag k="oneway" v="yes"/>
    <tag k="surface" v="asphalt"/>
  </way>
  <way id="1088996316" version="3" timestamp="2025-09-03T06:37:46Z" changeset="171390967" uid="16275544" user="nileshbarawkar">
    <nd ref="826539631"/>
    <nd ref="799249229"/>
    <tag k="alt_name" v="Link Road"/>
    <tag k="highway" v="tertiary"/>
    <tag k="name" v="Vishwakarma Road"/>
    <tag k="oneway" v="yes"/>
    <tag k="surface" v="asphalt"/>
  </way>
  <way id="1088996317" version="3" timestamp="2025-09-03T06:37:46Z" changeset="171390967" uid="16275544" user="nileshbarawkar">
    <nd ref="826540118"/>
    <nd ref="826539631"/>
    <tag k="alt_name" v="Link Road"/>
    <tag k="highway" v="tertiary"/>
    <tag k="name" v="Vishwakarma Road"/>
    <tag k="oneway" v="yes"/>
    <tag k="surface" v="asphalt"/>
  </way>
  <way id="1088996318" version="2" timestamp="2025-05-31T13:52:26Z" changeset="167013023" uid="21449475" user="triyanroy">
    <nd ref="9826891814"/>
    <nd ref="826539819"/>
    <tag k="highway" v="tertiary"/>
    <tag k="oneway" v="yes"/>
    <tag k="surface" v="asphalt"/>
  </way>
  <way id="1088996319" version="8" timestamp="2025-10-24T08:56:15Z" changeset="173706897" uid="21150819" user="olaag">
    <nd ref="826539819"/>
    <nd ref="13253772280"/>
    <nd ref="826478115"/>
    <nd ref="826478734"/>
    <nd ref="826478573"/>
    <nd ref="826478348"/>
    <nd ref="826478186"/>
    <nd ref="9857227262"/>
    <nd ref="9857227255"/>
    <nd ref="826478250"/>
    <nd ref="9857227263"/>
    <nd ref="826478231"/>
    <nd ref="10880847270"/>
    <nd ref="826478705"/>
    <nd ref="826539986"/>
    <nd ref="826478543"/>
    <nd ref="826539917"/>
    <nd ref="826478450"/>
    <nd ref="826478299"/>
    <nd ref="9859709431"/>
    <nd ref="826478209"/>
    <nd ref="826540040"/>
    <nd ref="826539784"/>
    <nd ref="6193150389"/>
    <nd ref="826478174"/>
    <nd ref="1817451169"/>
    <nd ref="1817451170"/>
    <nd ref="6094677775"/>
    <nd ref="2666117018"/>
    <nd ref="826478715"/>
    <nd ref="4214848321"/>
    <nd ref="826478493"/>
    <nd ref="826478554"/>
    <nd ref="6094931569"/>
    <tag k="alt_name" v="Link Road"/>
    <tag k="highway" v="tertiary"/>
    <tag k="lanes" v="3"/>
    <tag k="name" v="Vishwakarma Road"/>
    <tag k="oneway" v="yes"/>
    <tag k="surface" v="asphalt"/>
  </way>
  <way id="1088996320" version="2" timestamp="2025-05-31T13:52:22Z" changeset="167013023" uid="21449475" user="triyanroy">
    <nd ref="826539819"/>
    <nd ref="826540118"/>
    <tag k="highway" v="tertiary"/>
    <tag k="oneway" v="yes"/>
    <tag k="surface" v="asphalt"/>
  </way>
  <way id="1090970161" version="2" timestamp="2025-10-24T08:56:15Z" changeset="173706897" uid="21150819" user="olaag">
    <nd ref="9992581215"/>
    <nd ref="9992581216"/>
    <tag k="highway" v="service"/>
  </way>
  <way id="1090970162" version="5" timestamp="2025-10-24T08:56:15Z" changeset="173706897" uid="21150819" user="olaag">
    <nd ref="11340823623"/>
    <nd ref="9992594618"/>
    <tag k="access" v="private"/>
    <tag k="highway" v="service"/>
  </way>
  <way id="1097191693" version="3" timestamp="2025-10-30T07:03:40Z" changeset="173960020" uid="21150819" user="olaag">
    <nd ref="826540118"/>
    <nd ref="6192299213"/>
    <nd ref="1817400699"/>
    <nd ref="1817400583"/>
    <nd ref="13269631730"/>
    <nd ref="1817400571"/>
    <nd ref="13269631739"/>
    <nd ref="9849462545"/>
    <nd ref="1817400508"/>
    <nd ref="12252019778"/>
    <nd ref="12252019788"/>
    <nd ref="1817400427"/>
    <tag k="highway" v="tertiary"/>
    <tag k="oneway" v="yes"/>
    <tag k="surface" v="asphalt"/>
  </way>
  <way id="1134749063" version="2" timestamp="2025-05-14T14:04:48Z" changeset="166256515" uid="21449475" user="triyanroy">
    <nd ref="799249229"/>
    <nd ref="799249156"/>
    <nd ref="799249192"/>
    <nd ref="799249240"/>
    <nd ref="799249132"/>
    <nd ref="799249165"/>
    <nd ref="6192951370"/>
    <nd ref="6192951371"/>
    <nd ref="799241717"/>
    <nd ref="799268868"/>
    <nd ref="799269003"/>
    <tag k="highway" v="tertiary"/>
    <tag k="surface" v="asphalt"/>
  </way>
  <way id="1137322541" version="2" timestamp="2024-05-22T05:25:08Z" changeset="151656328" uid="21016652" user="ranjitgarad">
    <nd ref="6192299214"/>
    <nd ref="11924669542"/>
    <nd ref="6192299213"/>
    <nd ref="1817400583"/>
    <nd ref="6192899661"/>
    <nd ref="6192299214"/>
    <tag k="landuse" v="residential"/>
    <tag k="name" v="SITE"/>
    <tag k="residential" v="urban"/>
  </way>
  <way id="1183593858" version="5" timestamp="2025-05-14T14:04:11Z" changeset="166256515" uid="21449475" user="triyanroy">
    <nd ref="826539426"/>
    <nd ref="826540010"/>
    <nd ref="826539471"/>
    <nd ref="826539724"/>
    <nd ref="12211345029"/>
    <nd ref="826539703"/>
    <nd ref="11340790745"/>
    <nd ref="9857149805"/>
    <nd ref="826539876"/>
    <nd ref="826539961"/>
    <nd ref="9992581216"/>
    <nd ref="9826891814"/>
    <tag k="highway" v="tertiary"/>
    <tag k="oneway" v="yes"/>
    <tag k="surface" v="asphalt"/>
  </way>
  <way id="1183845920" version="3" timestamp="2025-09-03T06:37:46Z" changeset="171390967" uid="16275544" user="nileshbarawkar">
    <nd ref="6095245996"/>
    <nd ref="6095245997"/>
    <nd ref="6095241269"/>
    <nd ref="6095245998"/>
    <nd ref="6095245999"/>
    <tag k="alt_name" v="Link Road"/>
    <tag k="highway" v="tertiary"/>
    <tag k="junction" v="roundabout"/>
    <tag k="name" v="Vishwakarma Road"/>
    <tag k="oneway" v="yes"/>
    <tag k="surface" v="asphalt"/>
  </way>
  <way id="1183845921" version="4" timestamp="2025-09-03T06:37:46Z" changeset="171390967" uid="16275544" user="nileshbarawkar">
    <nd ref="6095245999"/>
    <nd ref="6095245992"/>
    <nd ref="6095241283"/>
    <nd ref="799242046"/>
    <nd ref="6095246001"/>
    <tag k="alt_name" v="Link Road"/>
    <tag k="highway" v="tertiary"/>
    <tag k="junction" v="roundabout"/>
    <tag k="name" v="Vishwakarma Road"/>
    <tag k="oneway" v="yes"/>
    <tag k="surface" v="asphalt"/>
  </way>
  <way id="1183845922" version="3" timestamp="2025-09-03T06:37:46Z" changeset="171390967" uid="16275544" user="nileshbarawkar">
    <nd ref="6095246000"/>
    <nd ref="6095245994"/>
    <nd ref="6095241282"/>
    <nd ref="6095245995"/>
    <nd ref="6095245993"/>
    <nd ref="6095245996"/>
    <tag k="alt_name" v="Link Road"/>
    <tag k="highway" v="tertiary"/>
    <tag k="junction" v="roundabout"/>
    <tag k="name" v="Vishwakarma Road"/>
    <tag k="oneway" v="yes"/>
    <tag k="surface" v="asphalt"/>
  </way>
  <way id="1222682004" version="3" timestamp="2025-11-10T10:39:05Z" changeset="174456012" uid="23489217" user="vinit tomar">
    <nd ref="11340823623"/>
    <nd ref="11340823624"/>
    <tag k="access" v="private"/>
    <tag k="highway" v="service"/>
    <tag k="name" v="H"/>
    <tag k="oneway" v="yes"/>
  </way>
  <way id="1285452728" version="1" timestamp="2024-05-22T05:25:08Z" changeset="151656328" uid="21016652" user="ranjitgarad">
    <nd ref="6192299213"/>
    <nd ref="11924669542"/>
    <tag k="highway" v="path"/>
  </way>
  <way id="1444461665" version="1" timestamp="2025-10-24T08:56:15Z" changeset="173706897" uid="21150819" user="olaag">
    <nd ref="9826891814"/>
    <nd ref="13253772277"/>
    <nd ref="13253772282"/>
    <nd ref="13253772278"/>
    <nd ref="13253772279"/>
    <nd ref="13253772280"/>
    <tag k="highway" v="tertiary_link"/>
    <tag k="oneway" v="yes"/>
  </way>
  <way id="1444461666" version="1" timestamp="2025-10-24T08:56:15Z" changeset="173706897" uid="21150819" user="olaag">
    <nd ref="11340823624"/>
    <nd ref="13253772284"/>
    <nd ref="9992594619"/>
    <tag k="access" v="private"/>
    <tag k="highway" v="service"/>
    <tag k="oneway" v="yes"/>
  </way>
  <way id="1444461667" version="1" timestamp="2025-10-24T08:56:15Z" changeset="173706897" uid="21150819" user="olaag">
    <nd ref="11340823624"/>
    <nd ref="11340823625"/>
    <nd ref="11340823626"/>
    <tag k="access" v="private"/>
    <tag k="highway" v="service"/>
  </way>
  <way id="1444461668" version="1" timestamp="2025-10-24T08:56:15Z" changeset="173706897" uid="21150819" user="olaag">
    <nd ref="9992581216"/>
    <nd ref="9992594620"/>
    <nd ref="11340823623"/>
    <tag k="access" v="private"/>
    <tag k="highway" v="service"/>
    <tag k="oneway" v="yes"/>
  </way>
  <relation id="3839665" version="192" timestamp="2026-03-19T08:07:25Z" changeset="180094879" uid="16606819" user="MustafaOyunda155">
    <member type="way" ref="1485412242" role=""/>
    <member type="way" ref="1485412243" role=""/>
    <member type="way" ref="1330192138" role=""/>
    <member type="way" ref="1442849907" role=""/>
    <member type="way" ref="1431620850" role=""/>
    <member type="way" ref="1442849908" role=""/>
    <member type="way" ref="1326088862" role=""/>
    <member type="way" ref="626529214" role=""/>
    <member type="way" ref="243206485" role=""/>
    <member type="way" ref="1041698428" role=""/>
    <member type="way" ref="1307492842" role=""/>
    <member type="way" ref="1431620846" role=""/>
    <member type="way" ref="1393512517" role=""/>
    <member type="way" ref="1472150135" role=""/>
    <member type="way" ref="1338919342" role=""/>
    <member type="way" ref="1472150134" role=""/>
    <member type="way" ref="1472150134" role=""/>
    <member type="way" ref="1338919342" role=""/>
    <member type="way" ref="1472150135" role=""/>
    <member type="way" ref="1472150136" role=""/>
    <member type="way" ref="1472150137" role=""/>
    <member type="way" ref="1472150127" role=""/>
    <member type="way" ref="1472150129" role=""/>
    <member type="way" ref="1472150132" role=""/>
    <member type="relation" ref="3574625" role=""/>
    <member type="relation" ref="3836355" role=""/>
    <member type="relation" ref="4460039" role=""/>
    <member type="relation" ref="152361" role=""/>
    <member type="relation" ref="5146572" role=""/>
    <member type="relation" ref="5146594" role=""/>
    <member type="relation" ref="5946293" role=""/>
    <member type="relation" ref="5947206" role=""/>
    <member type="relation" ref="5943736" role=""/>
    <member type="relation" ref="5323067" role=""/>
    <member type="relation" ref="6923596" role=""/>
    <member type="relation" ref="14307572" role=""/>
    <member type="relation" ref="15730106" role=""/>
    <tag k="name" v="Asian Highway"/>
    <tag k="name:bn" v="এশিয়ান হাইওয়ে ১"/>
    <tag k="name:de" v="Asien Fernstraße AH1"/>
    <tag k="name:en" v="Asian Highway AH1"/>
    <tag k="name:fa" v="بزرگراه آسیایی شماره ۱"/>
    <tag k="name:fr" v="Route asiatique AH1"/>
    <tag k="name:hi" v="एशियाई राजमार्ग १"/>
    <tag k="name:id" v="Jalan Asia AH1"/>
    <tag k="name:ja" v="アジアハイウェイ1号線"/>
    <tag k="name:km" v="ផ្លូវហាយវេអាស៊ី១"/>
    <tag k="name:ko" v="아시안 하이웨이 1호선"/>
    <tag k="name:ms" v="Lebuh Raya Asia AH1"/>
    <tag k="name:my" v="အာရှအဝေးပြေး ၁"/>
    <tag k="name:ru" v="Азиатский маршрут AH1"/>
    <tag k="name:th" v="ทางหลวงสายเอเชียAH1"/>
    <tag k="name:tr" v="Asya Yolu AH1"/>
    <tag k="name:vi" v="Đường Xuyên Á AH1"/>
    <tag k="name:zh" v="亚洲公路1号线"/>
    <tag k="network" v="AsianHighway"/>
    <tag k="note" v="Add individual roadways to the subrelation corresponding to the national route leg, not this international route superrelation."/>
    <tag k="ref" v="AH1"/>
    <tag k="route" v="road"/>
    <tag k="type" v="route"/>
    <tag k="wikidata" v="Q494205"/>
    <tag k="wikipedia" v="en:AH1"/>
  </relation>
  <relation id="5943736" version="585" timestamp="2026-04-13T20:28:13Z" changeset="181294203" uid="4685130" user="contrapunctus">
    <member type="way" ref="469692477" role=""/>
    <member type="way" ref="161136324" role=""/>
    <member type="way" ref="578319751" role=""/>
    <member type="way" ref="578319752" role=""/>
    <member type="way" ref="975267251" role=""/>
    <member type="way" ref="238482446" role=""/>
    <member type="way" ref="238482445" role=""/>
    <member type="way" ref="327101717" role=""/>
    <member type="way" ref="238482441" role=""/>
    <member type="way" ref="238482444" role=""/>
    <member type="way" ref="857901224" role=""/>
    <member type="way" ref="857901223" role=""/>
    <member type="way" ref="576898873" role=""/>
    <member type="way" ref="22827210" role=""/>
    <member type="way" ref="238482447" role=""/>
    <member type="way" ref="238482443" role=""/>
    <member type="way" ref="51763889" role=""/>
    <member type="way" ref="44961483" role=""/>
    <member type="way" ref="1027363020" role=""/>
    <member type="way" ref="1027363021" role=""/>
    <member type="way" ref="238482442" role=""/>
    <member type="way" ref="44961478" role=""/>
    <member type="way" ref="327082301" role=""/>
    <member type="way" ref="1168450318" role=""/>
    <member type="way" ref="1027358802" role=""/>
    <member type="way" ref="1380581054" role=""/>
    <member type="way" ref="1027358803" role=""/>
    <member type="way" ref="1380581053" role=""/>
    <member type="way" ref="260318025" role=""/>
    <member type="way" ref="44961386" role=""/>
    <member type="way" ref="1018521140" role=""/>
    <member type="way" ref="1222165981" role=""/>
    <member type="way" ref="1018520479" role=""/>
    <member type="way" ref="1076328017" role=""/>
    <member type="way" ref="1076328015" role=""/>
    <member type="way" ref="1018518518" role=""/>
    <member type="way" ref="1018518519" role=""/>
    <member type="way" ref="1130845669" role=""/>
    <member type="way" ref="1018518517" role=""/>
    <member type="way" ref="1388734340" role=""/>
    <member type="way" ref="1126840657" role=""/>
    <member type="way" ref="1126840656" role=""/>
    <member type="way" ref="215617335" role=""/>
    <member type="way" ref="1201626307" role=""/>
    <member type="way" ref="872835494" role=""/>
    <member type="way" ref="1201626305" role=""/>
    <member type="way" ref="1201626306" role=""/>
    <member type="way" ref="52151606" role=""/>
    <member type="way" ref="1201626304" role=""/>
    <member type="way" ref="1327630187" role=""/>
    <member type="way" ref="657474379" role=""/>
    <member type="way" ref="657474377" role=""/>
    <member type="way" ref="657504419" role=""/>
    <member type="way" ref="237402109" role=""/>
    <member type="way" ref="1327630185" role=""/>
    <member type="way" ref="657446606" role=""/>
    <member type="way" ref="657446608" role=""/>
    <member type="way" ref="382467440" role=""/>
    <member type="way" ref="406783805" role=""/>
    <member type="way" ref="872835490" role=""/>
    <member type="way" ref="872835489" role=""/>
    <member type="way" ref="406783803" role=""/>
    <member type="way" ref="382467441" role=""/>
    <member type="way" ref="1027299165" role=""/>
    <member type="way" ref="1027299164" role=""/>
    <member type="way" ref="872835488" role=""/>
    <member type="way" ref="118249587" role=""/>
    <member type="way" ref="118249575" role=""/>
    <member type="way" ref="118249589" role=""/>
    <member type="way" ref="118249586" role=""/>
    <member type="way" ref="118249572" role=""/>
    <member type="way" ref="118249581" role=""/>
    <member type="way" ref="118249577" role=""/>
    <member type="way" ref="118249580" role=""/>
    <member type="way" ref="118249593" role=""/>
    <member type="way" ref="1029944968" role=""/>
    <member type="way" ref="118249583" role=""/>
    <member type="way" ref="118249571" role=""/>
    <member type="way" ref="237392306" role=""/>
    <member type="way" ref="118246711" role=""/>
    <member type="way" ref="118246733" role=""/>
    <member type="way" ref="1168515464" role=""/>
    <member type="way" ref="44961678" role=""/>
    <member type="way" ref="813042746" role=""/>
    <member type="way" ref="1018519257" role=""/>
    <member type="way" ref="813042744" role=""/>
    <member type="way" ref="1149042761" role=""/>
    <member type="way" ref="258504853" role=""/>
    <member type="way" ref="1388734341" role=""/>
    <member type="way" ref="1408209892" role=""/>
    <member type="way" ref="238463980" role=""/>
    <member type="way" ref="215617292" role=""/>
    <member type="way" ref="657474380" role=""/>
    <member type="way" ref="1327630186" role=""/>
    <member type="way" ref="657504421" role=""/>
    <member type="way" ref="657474378" role=""/>
    <member type="way" ref="1118592823" role=""/>
    <member type="way" ref="1327630184" role=""/>
    <member type="way" ref="237402107" role=""/>
    <member type="way" ref="1342401926" role=""/>
    <member type="way" ref="1342401925" role=""/>
    <member type="way" ref="657446607" role=""/>
    <member type="way" ref="657446609" role=""/>
    <member type="way" ref="872835492" role=""/>
    <member type="way" ref="872835491" role=""/>
    <member type="way" ref="406783802" role=""/>
    <member type="way" ref="406783804" role=""/>
    <member type="way" ref="1136743192" role=""/>
    <member type="way" ref="872835486" role=""/>
    <member type="way" ref="118249579" role=""/>
    <member type="way" ref="118249592" role=""/>
    <member type="way" ref="118249590" role=""/>
    <member type="way" ref="118249573" role=""/>
    <member type="way" ref="118249588" role=""/>
    <member type="way" ref="118249582" role=""/>
    <member type="way" ref="118249574" role=""/>
    <member type="way" ref="118249585" role=""/>
    <member type="way" ref="118249576" role=""/>
    <member type="way" ref="118249584" role=""/>
    <member type="way" ref="118249591" role=""/>
    <member type="way" ref="1029944967" role=""/>
    <member type="way" ref="1136680207" role=""/>
    <member type="way" ref="1136680208" role=""/>
    <member type="way" ref="237392305" role=""/>
    <member type="way" ref="118246764" role=""/>
    <member type="way" ref="118246700" role=""/>
    <member type="way" ref="118246734" role=""/>
    <member type="way" ref="1380614361" role=""/>
    <member type="way" ref="1287678369" role=""/>
    <member type="way" ref="1380614363" role=""/>
    <member type="way" ref="1380614364" role=""/>
    <member type="way" ref="1029944969" role=""/>
    <member type="way" ref="1380614360" role=""/>
    <member type="way" ref="1007095283" role=""/>
    <member type="way" ref="1007095282" role=""/>
    <member type="way" ref="1007095281" role=""/>
    <member type="way" ref="1007122599" role=""/>
    <member type="way" ref="1007122619" role=""/>
    <member type="way" ref="1351756844" role=""/>
    <member type="way" ref="1007122618" role=""/>
    <member type="way" ref="1351756845" role=""/>
    <member type="way" ref="1007122593" role=""/>
    <member type="way" ref="1351756852" role=""/>
    <member type="way" ref="1007095286" role=""/>
    <member type="way" ref="1007095294" role=""/>
    <member type="way" ref="1007095330" role=""/>
    <member type="way" ref="1007095303" role=""/>
    <member type="way" ref="1007095317" role=""/>
    <member type="way" ref="1007095315" role=""/>
    <member type="way" ref="1007095318" role=""/>
    <member type="way" ref="1007095304" role=""/>
    <member type="way" ref="1007095288" role=""/>
    <member type="way" ref="1007095292" role=""/>
    <member type="way" ref="1007095290" role=""/>
    <member type="way" ref="1007095289" role=""/>
    <member type="way" ref="1007095291" role=""/>
    <member type="way" ref="1007095319" role=""/>
    <member type="way" ref="1007095307" role=""/>
    <member type="way" ref="1007095326" role=""/>
    <member type="way" ref="1007122539" role=""/>
    <member type="way" ref="1291234976" role=""/>
    <member type="way" ref="1290888260" role=""/>
    <member type="way" ref="1291234973" role=""/>
    <member type="way" ref="1239424694" role=""/>
    <member type="way" ref="1007122538" role=""/>
    <member type="way" ref="118228017" role=""/>
    <member type="way" ref="1007122380" role=""/>
    <member type="way" ref="1007122390" role=""/>
    <member type="way" ref="1007122384" role=""/>
    <member type="way" ref="1007122393" role=""/>
    <member type="way" ref="1007122531" role=""/>
    <member type="way" ref="1007122528" role=""/>
    <member type="way" ref="1007122527" role=""/>
    <member type="way" ref="1007122523" role=""/>
    <member type="way" ref="1007122522" role=""/>
    <member type="way" ref="1007122532" role=""/>
    <member type="way" ref="637620651" role=""/>
    <member type="way" ref="1007122472" role=""/>
    <member type="way" ref="1007122461" role=""/>
    <member type="way" ref="1007122475" role=""/>
    <member type="way" ref="1007122478" role=""/>
    <member type="way" ref="1007122460" role=""/>
    <member type="way" ref="1007122474" role=""/>
    <member type="way" ref="1007122473" role=""/>
    <member type="way" ref="1007122480" role=""/>
    <member type="way" ref="1007122481" role=""/>
    <member type="way" ref="1007122483" role=""/>
    <member type="way" ref="1007122484" role=""/>
    <member type="way" ref="637620649" role=""/>
    <member type="way" ref="1007122513" role=""/>
    <member type="way" ref="1007122492" role=""/>
    <member type="way" ref="1007122445" role=""/>
    <member type="way" ref="1007122490" role=""/>
    <member type="way" ref="1007122495" role=""/>
    <member type="way" ref="1007122496" role=""/>
    <member type="way" ref="1007122451" role=""/>
    <member type="way" ref="1007122512" role=""/>
    <member type="way" ref="1007122500" role=""/>
    <member type="way" ref="1007122497" role=""/>
    <member type="way" ref="1007122499" role=""/>
    <member type="way" ref="637620653" role=""/>
    <member type="way" ref="1007122503" role=""/>
    <member type="way" ref="1007122504" role=""/>
    <member type="way" ref="637620652" role=""/>
    <member type="way" ref="1007122428" role=""/>
    <member type="way" ref="1007122394" role=""/>
    <member type="way" ref="1007122427" role=""/>
    <member type="way" ref="1007122395" role=""/>
    <member type="way" ref="116344435" role=""/>
    <member type="way" ref="278664414" role=""/>
    <member type="way" ref="278664410" role=""/>
    <member type="way" ref="1313435146" role=""/>
    <member type="way" ref="1313435145" role=""/>
    <member type="way" ref="218348067" role=""/>
    <member type="way" ref="218348073" role=""/>
    <member type="way" ref="218348059" role=""/>
    <member type="way" ref="218348072" role=""/>
    <member type="way" ref="218348064" role=""/>
    <member type="way" ref="257812080" role=""/>
    <member type="way" ref="257812082" role=""/>
    <member type="way" ref="218348068" role=""/>
    <member type="way" ref="116344434" role=""/>
    <member type="way" ref="116344421" role=""/>
    <member type="way" ref="116344423" role=""/>
    <member type="way" ref="116344443" role=""/>
    <member type="way" ref="116344426" role=""/>
    <member type="way" ref="116344439" role=""/>
    <member type="way" ref="116344425" role=""/>
    <member type="way" ref="116344441" role=""/>
    <member type="way" ref="1239424690" role=""/>
    <member type="way" ref="981227633" role=""/>
    <member type="way" ref="981227634" role=""/>
    <member type="way" ref="1007122455" role=""/>
    <member type="way" ref="1007122454" role=""/>
    <member type="way" ref="1007122453" role=""/>
    <member type="way" ref="344034979" role=""/>
    <member type="way" ref="1194002500" role=""/>
    <member type="way" ref="44798165" role=""/>
    <member type="way" ref="237283227" role=""/>
    <member type="way" ref="1279073996" role=""/>
    <member type="way" ref="1279073997" role=""/>
    <member type="way" ref="237283228" role=""/>
    <member type="way" ref="237283226" role=""/>
    <member type="way" ref="237283229" role=""/>
    <member type="way" ref="316671890" role=""/>
    <member type="way" ref="1317831072" role=""/>
    <member type="way" ref="1308573132" role=""/>
    <member type="way" ref="1317831073" role=""/>
    <member type="way" ref="1308573134" role=""/>
    <member type="way" ref="1317833634" role=""/>
    <member type="way" ref="316671898" role=""/>
    <member type="way" ref="1317834160" role=""/>
    <member type="way" ref="316671886" role=""/>
    <member type="way" ref="1317834166" role=""/>
    <member type="way" ref="1120032080" role=""/>
    <member type="way" ref="1317834165" role=""/>
    <member type="way" ref="1317834161" role=""/>
    <member type="way" ref="1120032078" role=""/>
    <member type="way" ref="316671879" role=""/>
    <member type="way" ref="627347545" role=""/>
    <member type="way" ref="1317835046" role=""/>
    <member type="way" ref="627347544" role=""/>
    <member type="way" ref="1317835048" role=""/>
    <member type="way" ref="1328981889" role=""/>
    <member type="way" ref="1328981890" role=""/>
    <member type="way" ref="316671887" role=""/>
    <member type="way" ref="968840736" role=""/>
    <member type="way" ref="253313913" role=""/>
    <member type="way" ref="253313912" role=""/>
    <member type="way" ref="254528933" role=""/>
    <member type="way" ref="323432351" role=""/>
    <member type="way" ref="1278431937" role=""/>
    <member type="way" ref="1278431935" role=""/>
    <member type="way" ref="384630532" role=""/>
    <member type="way" ref="316671880" role=""/>
    <member type="way" ref="384630534" role=""/>
    <member type="way" ref="1092257600" role=""/>
    <member type="way" ref="23914330" role=""/>
    <member type="way" ref="316671878" role=""/>
    <member type="way" ref="316671875" role=""/>
    <member type="way" ref="1274833178" role=""/>
    <member type="way" ref="1274833177" role=""/>
    <member type="way" ref="238153410" role=""/>
    <member type="way" ref="1364713987" role=""/>
    <member type="way" ref="1364713986" role=""/>
    <member type="way" ref="1295658235" role=""/>
    <member type="way" ref="238114156" role=""/>
    <member type="way" ref="821833312" role=""/>
    <member type="way" ref="1295658236" role=""/>
    <member type="way" ref="1113305196" role=""/>
    <member type="way" ref="1113305195" role=""/>
    <member type="way" ref="238114163" role=""/>
    <member type="way" ref="238114157" role=""/>
    <member type="way" ref="238114148" role=""/>
    <member type="way" ref="238114155" role=""/>
    <member type="way" ref="238114164" role=""/>
    <member type="way" ref="498358467" role=""/>
    <member type="way" ref="498358466" role=""/>
    <member type="way" ref="258136764" role=""/>
    <member type="way" ref="258136765" role=""/>
    <member type="way" ref="238114153" role=""/>
    <member type="way" ref="238114160" role=""/>
    <member type="way" ref="316676246" role=""/>
    <member type="way" ref="316676247" role=""/>
    <member type="way" ref="258165696" role=""/>
    <member type="way" ref="1118879375" role=""/>
    <member type="way" ref="258165687" role=""/>
    <member type="way" ref="1118879372" role=""/>
    <member type="way" ref="258165691" role=""/>
    <member type="way" ref="258165698" role=""/>
    <member type="way" ref="319607574" role=""/>
    <member type="way" ref="319607566" role=""/>
    <member type="way" ref="258165694" role=""/>
    <member type="way" ref="258165701" role=""/>
    <member type="way" ref="258165690" role=""/>
    <member type="way" ref="825488700" role=""/>
    <member type="way" ref="825488699" role=""/>
    <member type="way" ref="825488682" role=""/>
    <member type="way" ref="825488680" role=""/>
    <member type="way" ref="825488675" role=""/>
    <member type="way" ref="825488674" role=""/>
    <member type="way" ref="825488672" role=""/>
    <member type="way" ref="825488671" role=""/>
    <member type="way" ref="825488668" role=""/>
    <member type="way" ref="825488667" role=""/>
    <member type="way" ref="825488663" role=""/>
    <member type="way" ref="825488661" role=""/>
    <member type="way" ref="258165686" role=""/>
    <member type="way" ref="1328994745" role=""/>
    <member type="way" ref="1328994744" role=""/>
    <member type="way" ref="122412245" role=""/>
    <member type="way" ref="1109663491" role=""/>
    <member type="way" ref="1109663490" role=""/>
    <member type="way" ref="1065075526" role=""/>
    <member type="way" ref="122412260" role=""/>
    <member type="way" ref="122412267" role=""/>
    <member type="way" ref="122412249" role=""/>
    <member type="way" ref="122412272" role=""/>
    <member type="way" ref="1318373369" role=""/>
    <member type="way" ref="1318373364" role=""/>
    <member type="way" ref="122412255" role=""/>
    <member type="way" ref="122412265" role=""/>
    <member type="way" ref="1318373365" role=""/>
    <member type="way" ref="237101548" role=""/>
    <member type="way" ref="1318374396" role=""/>
    <member type="way" ref="1318374395" role=""/>
    <member type="way" ref="122412258" role=""/>
    <member type="way" ref="1318374398" role=""/>
    <member type="way" ref="1318374400" role=""/>
    <member type="way" ref="122412246" role=""/>
    <member type="way" ref="1318376598" role=""/>
    <member type="way" ref="1318376596" role=""/>
    <member type="way" ref="1318376594" role=""/>
    <member type="way" ref="1318376593" role=""/>
    <member type="way" ref="122412251" role=""/>
    <member type="way" ref="122412243" role=""/>
    <member type="way" ref="122412250" role=""/>
    <member type="way" ref="122412263" role=""/>
    <member type="way" ref="1318376590" role=""/>
    <member type="way" ref="1318376589" role=""/>
    <member type="way" ref="1318376599" role=""/>
    <member type="way" ref="1318376586" role=""/>
    <member type="way" ref="122412253" role=""/>
    <member type="way" ref="825488646" role=""/>
    <member type="way" ref="1318376584" role=""/>
    <member type="way" ref="1117727977" role=""/>
    <member type="way" ref="122412270" role=""/>
    <member type="way" ref="344034976" role=""/>
    <member type="way" ref="1083934695" role=""/>
    <member type="way" ref="825488649" role=""/>
    <member type="way" ref="1109926490" role=""/>
    <member type="way" ref="1083934696" role=""/>
    <member type="way" ref="1083934697" role=""/>
    <member type="way" ref="657391378" role=""/>
    <member type="way" ref="319719621" role=""/>
    <member type="way" ref="772753719" role=""/>
    <member type="way" ref="772753740" role=""/>
    <member type="way" ref="657391375" role=""/>
    <member type="way" ref="825488637" role=""/>
    <member type="way" ref="1318376579" role=""/>
    <member type="way" ref="122412268" role=""/>
    <member type="way" ref="1318587643" role=""/>
    <member type="way" ref="1318587642" role=""/>
    <member type="way" ref="825488640" role=""/>
    <member type="way" ref="825488642" role=""/>
    <member type="way" ref="1318587645" role=""/>
    <member type="way" ref="1318587646" role=""/>
    <member type="way" ref="1295679327" role=""/>
    <member type="way" ref="1295679328" role=""/>
    <member type="way" ref="1295679329" role=""/>
    <member type="way" ref="1295679330" role=""/>
    <member type="way" ref="122424390" role=""/>
    <member type="way" ref="122424370" role=""/>
    <member type="way" ref="122424374" role=""/>
    <member type="way" ref="1293855837" role=""/>
    <member type="way" ref="1293855836" role=""/>
    <member type="way" ref="122424372" role=""/>
    <member type="way" ref="122424379" role=""/>
    <member type="way" ref="122424385" role=""/>
    <member type="way" ref="122424369" role=""/>
    <member type="way" ref="122424388" role=""/>
    <member type="way" ref="122424380" role=""/>
    <member type="way" ref="1087318207" role=""/>
    <member type="way" ref="1087318208" role=""/>
    <member type="way" ref="122424393" role=""/>
    <member type="way" ref="1087318227" role=""/>
    <member type="way" ref="122424389" role=""/>
    <member type="way" ref="1087318198" role=""/>
    <member type="way" ref="1087318200" role=""/>
    <member type="way" ref="122424382" role=""/>
    <member type="way" ref="394051864" role=""/>
    <member type="way" ref="425557275" role=""/>
    <member type="way" ref="425557278" role=""/>
    <member type="way" ref="425550388" role=""/>
    <member type="way" ref="425550386" role=""/>
    <member type="way" ref="425550390" role=""/>
    <member type="way" ref="425550382" role=""/>
    <member type="way" ref="394051863" role=""/>
    <member type="way" ref="1295717846" role=""/>
    <member type="way" ref="1295717845" role=""/>
    <member type="way" ref="1110254965" role=""/>
    <member type="way" ref="1110254964" role=""/>
    <member type="way" ref="1295717850" role=""/>
    <member type="way" ref="1295717849" role=""/>
    <member type="way" ref="248423973" role=""/>
    <member type="way" ref="1293053010" role=""/>
    <member type="way" ref="1293053012" role=""/>
    <member type="way" ref="248423975" role=""/>
    <member type="way" ref="239999200" role=""/>
    <member type="way" ref="239999199" role=""/>
    <member type="way" ref="239999198" role=""/>
    <member type="way" ref="1067768072" role=""/>
    <member type="way" ref="1295670163" role=""/>
    <member type="way" ref="1295670162" role=""/>
    <member type="way" ref="1067768074" role=""/>
    <member type="way" ref="1318084708" role=""/>
    <member type="way" ref="1067768076" role=""/>
    <member type="way" ref="1295667212" role=""/>
    <member type="way" ref="1295667213" role=""/>
    <member type="way" ref="1067768087" role=""/>
    <member type="way" ref="1295667209" role=""/>
    <member type="way" ref="1295667208" role=""/>
    <member type="way" ref="1067768086" role=""/>
    <member type="way" ref="1318095866" role=""/>
    <member type="way" ref="772753830" role=""/>
    <member type="way" ref="772753824" role=""/>
    <member type="way" ref="434815317" role=""/>
    <member type="way" ref="772753823" role=""/>
    <member type="way" ref="772753827" role=""/>
    <member type="way" ref="772753826" role=""/>
    <member type="way" ref="772753828" role=""/>
    <member type="way" ref="772753802" role=""/>
    <member type="way" ref="772753800" role=""/>
    <member type="way" ref="772753819" role=""/>
    <member type="way" ref="1318095863" role=""/>
    <member type="way" ref="772753805" role=""/>
    <member type="way" ref="1318094410" role=""/>
    <member type="way" ref="772753806" role=""/>
    <member type="way" ref="772753714" role=""/>
    <member type="way" ref="772753785" role=""/>
    <member type="way" ref="772753715" role=""/>
    <member type="way" ref="772753796" role=""/>
    <member type="way" ref="1318094414" role=""/>
    <member type="way" ref="1318094408" role=""/>
    <member type="way" ref="772753775" role=""/>
    <member type="way" ref="1318094406" role=""/>
    <member type="way" ref="772753781" role=""/>
    <member type="way" ref="772753743" role=""/>
    <member type="way" ref="1293553130" role=""/>
    <member type="way" ref="1293553131" role=""/>
    <member type="way" ref="1293553134" role=""/>
    <member type="way" ref="1293553135" role=""/>
    <member type="way" ref="1318091472" role=""/>
    <member type="way" ref="772753766" role=""/>
    <member type="way" ref="772753754" role=""/>
    <member type="way" ref="772753753" role=""/>
    <member type="way" ref="772753749" role=""/>
    <member type="way" ref="1318091470" role=""/>
    <member type="way" ref="1318087625" role=""/>
    <member type="way" ref="1318087624" role=""/>
    <member type="way" ref="772753731" role=""/>
    <member type="way" ref="772753730" role=""/>
    <member type="way" ref="772753727" role=""/>
    <member type="way" ref="772753729" role=""/>
    <member type="way" ref="1318087621" role=""/>
    <member type="way" ref="1294721369" role=""/>
    <member type="way" ref="1294721368" role=""/>
    <member type="way" ref="772753737" role=""/>
    <member type="way" ref="1293847790" role=""/>
    <member type="way" ref="1318087619" role=""/>
    <member type="way" ref="1293847791" role=""/>
    <member type="way" ref="657391333" role=""/>
    <member type="way" ref="772753734" role=""/>
    <member type="way" ref="1318087618" role=""/>
    <member type="way" ref="1088334261" role=""/>
    <member type="way" ref="1318087616" role=""/>
    <member type="way" ref="829373482" role=""/>
    <member type="way" ref="1318087611" role=""/>
    <member type="way" ref="1318087612" role=""/>
    <member type="way" ref="829373463" role=""/>
    <member type="way" ref="1318087609" role=""/>
    <member type="way" ref="829373444" role=""/>
    <member type="way" ref="1364423108" role=""/>
    <member type="way" ref="1364423107" role=""/>
    <member type="way" ref="829373446" role=""/>
    <member type="way" ref="1113535147" role=""/>
    <member type="way" ref="1113535148" role=""/>
    <member type="way" ref="829373436" role=""/>
    <member type="way" ref="829373438" role=""/>
    <member type="way" ref="829373440" role=""/>
    <member type="way" ref="829373443" role=""/>
    <member type="way" ref="829373454" role=""/>
    <member type="way" ref="829373435" role=""/>
    <member type="way" ref="829373453" role=""/>
    <member type="way" ref="829373460" role=""/>
    <member type="way" ref="1022245195" role=""/>
    <member type="way" ref="1022245191" role=""/>
    <member type="way" ref="1022245192" role=""/>
    <member type="way" ref="128282088" role=""/>
    <member type="way" ref="240000730" role=""/>
    <member type="way" ref="240000745" role=""/>
    <member type="way" ref="637295957" role=""/>
    <member type="way" ref="637295956" role=""/>
    <member type="way" ref="240000739" role=""/>
    <member type="way" ref="637295832" role=""/>
    <member type="way" ref="637295833" role=""/>
    <member type="way" ref="1327768122" role=""/>
    <member type="way" ref="1327768120" role=""/>
    <member type="way" ref="1327768367" role=""/>
    <member type="way" ref="1327768366" role=""/>
    <member type="way" ref="257163267" role=""/>
    <member type="way" ref="257163266" role=""/>
    <member type="way" ref="1465347474" role=""/>
    <member type="way" ref="1465347475" role=""/>
    <member type="way" ref="224223315" role=""/>
    <member type="way" ref="1106883865" role=""/>
    <member type="way" ref="1112000817" role=""/>
    <member type="way" ref="1112000816" role=""/>
    <member type="way" ref="1106883864" role=""/>
    <member type="way" ref="1327775966" role=""/>
    <member type="way" ref="1327775968" role=""/>
    <member type="way" ref="1327776466" role=""/>
    <member type="way" ref="1327776467" role=""/>
    <member type="way" ref="1327776662" role=""/>
    <member type="way" ref="1327776663" role=""/>
    <member type="way" ref="1467278547" role=""/>
    <member type="way" ref="1467278548" role=""/>
    <member type="way" ref="222636865" role=""/>
    <member type="way" ref="131520749" role=""/>
    <member type="way" ref="632573072" role=""/>
    <member type="way" ref="632573071" role=""/>
    <member type="way" ref="482761672" role=""/>
    <member type="way" ref="632573122" role=""/>
    <member type="way" ref="254476166" role=""/>
    <member type="way" ref="1486755537" role=""/>
    <member type="way" ref="1486755539" role=""/>
    <member type="way" ref="482761673" role=""/>
    <member type="way" ref="240000750" role=""/>
    <member type="way" ref="240000746" role=""/>
    <member type="way" ref="482761687" role=""/>
    <member type="way" ref="1289273941" role=""/>
    <member type="way" ref="1289273942" role=""/>
    <member type="way" ref="482761688" role=""/>
    <member type="way" ref="192938662" role=""/>
    <member type="way" ref="192938667" role=""/>
    <member type="way" ref="482761645" role=""/>
    <member type="way" ref="482761647" role=""/>
    <member type="way" ref="482761658" role=""/>
    <member type="way" ref="482761649" role=""/>
    <member type="way" ref="482761653" role=""/>
    <member type="way" ref="482761655" role=""/>
    <member type="way" ref="482761651" role=""/>
    <member type="way" ref="482761587" role=""/>
    <member type="way" ref="482761586" role=""/>
    <member type="way" ref="482761633" role=""/>
    <member type="way" ref="482761621" role=""/>
    <member type="way" ref="482761632" role=""/>
    <member type="way" ref="482761625" role=""/>
    <member type="way" ref="482761592" role=""/>
    <member type="way" ref="482761591" role=""/>
    <member type="way" ref="254476176" role=""/>
    <member type="way" ref="482761609" role=""/>
    <member type="way" ref="482761610" role=""/>
    <member type="way" ref="482761595" role=""/>
    <member type="way" ref="482761601" role=""/>
    <member type="way" ref="482761594" role=""/>
    <member type="way" ref="482761602" role=""/>
    <member type="way" ref="169357541" role=""/>
    <member type="way" ref="169357575" role=""/>
    <member type="way" ref="639184495" role=""/>
    <member type="way" ref="639184496" role=""/>
    <member type="way" ref="169357560" role=""/>
    <member type="way" ref="1098240600" role=""/>
    <member type="way" ref="1098240599" role=""/>
    <member type="way" ref="169357580" role=""/>
    <member type="way" ref="169357552" role=""/>
    <member type="way" ref="169357579" role=""/>
    <member type="way" ref="1098240617" role=""/>
    <member type="way" ref="1098240616" role=""/>
    <member type="way" ref="169357558" role=""/>
    <member type="way" ref="169357591" role=""/>
    <member type="way" ref="412693043" role=""/>
    <member type="way" ref="169357540" role=""/>
    <member type="way" ref="169357572" role=""/>
    <member type="way" ref="169357557" role=""/>
    <member type="way" ref="169357588" role=""/>
    <member type="way" ref="1097717035" role=""/>
    <member type="way" ref="237299566" role=""/>
    <member type="way" ref="1243203822" role=""/>
    <member type="way" ref="169357547" role=""/>
    <member type="way" ref="237299565" role=""/>
    <member type="way" ref="292173083" role=""/>
    <member type="way" ref="292173085" role=""/>
    <member type="way" ref="237299556" role=""/>
    <member type="way" ref="292173087" role=""/>
    <member type="way" ref="1295604339" role=""/>
    <member type="way" ref="1295604334" role=""/>
    <member type="way" ref="1295604337" role=""/>
    <member type="way" ref="1295604333" role=""/>
    <member type="way" ref="169357544" role=""/>
    <member type="way" ref="169357537" role=""/>
    <member type="way" ref="169357564" role=""/>
    <member type="way" ref="169357565" role=""/>
    <member type="way" ref="635294695" role=""/>
    <member type="way" ref="635294694" role=""/>
    <member type="way" ref="635287267" role=""/>
    <member type="way" ref="635287266" role=""/>
    <member type="way" ref="1098178136" role=""/>
    <member type="way" ref="1098178135" role=""/>
    <member type="way" ref="639189106" role=""/>
    <member type="way" ref="639189109" role=""/>
    <member type="way" ref="1328764929" role=""/>
    <member type="way" ref="1328764930" role=""/>
    <member type="way" ref="388069492" role=""/>
    <member type="way" ref="228423402" role=""/>
    <member type="way" ref="177974348" role=""/>
    <member type="way" ref="843178839" role=""/>
    <member type="way" ref="177974351" role=""/>
    <member type="way" ref="177818749" role=""/>
    <member type="way" ref="177818750" role=""/>
    <member type="way" ref="895307417" role=""/>
    <member type="way" ref="895307416" role=""/>
    <member type="way" ref="1291206699" role=""/>
    <member type="way" ref="1291206700" role=""/>
    <member type="way" ref="169357571" role=""/>
    <member type="way" ref="1289312334" role=""/>
    <member type="way" ref="639197294" role=""/>
    <member type="way" ref="639197288" role=""/>
    <member type="way" ref="240460792" role=""/>
    <member type="way" ref="848973551" role=""/>
    <member type="way" ref="244001285" role=""/>
    <member type="way" ref="169357573" role=""/>
    <member type="way" ref="169357585" role=""/>
    <member type="way" ref="83388784" role=""/>
    <member type="way" ref="169357549" role=""/>
    <member type="way" ref="169357538" role=""/>
    <member type="way" ref="1287024716" role=""/>
    <member type="way" ref="1287024712" role=""/>
    <member type="way" ref="1287024711" role=""/>
    <member type="way" ref="1287024714" role=""/>
    <member type="way" ref="608158780" role=""/>
    <member type="way" ref="608158779" role=""/>
    <member type="way" ref="608157361" role=""/>
    <member type="way" ref="608157362" role=""/>
    <member type="way" ref="608157357" role=""/>
    <member type="way" ref="608157356" role=""/>
    <member type="way" ref="1287031413" role=""/>
    <member type="way" ref="1224004975" role=""/>
    <member type="way" ref="1224004974" role=""/>
    <member type="way" ref="169357553" role=""/>
    <member type="way" ref="169357586" role=""/>
    <member type="way" ref="177454758" role=""/>
    <member type="way" ref="1287031415" role=""/>
    <member type="way" ref="177454768" role=""/>
    <member type="way" ref="169357542" role=""/>
    <member type="way" ref="1213008868" role=""/>
    <member type="way" ref="169357583" role=""/>
    <member type="way" ref="177974346" role=""/>
    <member type="way" ref="228423461" role=""/>
    <member type="way" ref="228423215" role=""/>
    <member type="way" ref="228423202" role=""/>
    <member type="way" ref="228423343" role=""/>
    <member type="way" ref="228423199" role=""/>
    <member type="way" ref="228423272" role=""/>
    <member type="way" ref="228423362" role=""/>
    <member type="way" ref="228423244" role=""/>
    <member type="way" ref="228423371" role=""/>
    <member type="way" ref="1100666668" role=""/>
    <member type="way" ref="1100666667" role=""/>
    <member type="way" ref="300689341" role=""/>
    <member type="way" ref="300689348" role=""/>
    <member type="way" ref="300689342" role=""/>
    <member type="way" ref="300689336" role=""/>
    <member type="way" ref="228423258" role=""/>
    <member type="way" ref="228423186" role=""/>
    <member type="way" ref="228423216" role=""/>
    <member type="way" ref="228423391" role=""/>
    <member type="way" ref="228423262" role=""/>
    <member type="way" ref="228423349" role=""/>
    <member type="way" ref="300852654" role=""/>
    <member type="way" ref="300852648" role=""/>
    <member type="way" ref="228423318" role=""/>
    <member type="way" ref="1103059164" role=""/>
    <member type="way" ref="1103059165" role=""/>
    <member type="way" ref="1103059988" role=""/>
    <member type="way" ref="1103059989" role=""/>
    <member type="way" ref="228423453" role=""/>
    <member type="way" ref="1103059157" role=""/>
    <member type="way" ref="1103059156" role=""/>
    <member type="way" ref="228423260" role=""/>
    <member type="way" ref="1285173953" role=""/>
    <member type="way" ref="1285173954" role=""/>
    <member type="way" ref="228423182" role=""/>
    <member type="way" ref="1100666654" role=""/>
    <member type="way" ref="1100666653" role=""/>
    <member type="way" ref="1100666640" role=""/>
    <member type="way" ref="1100666639" role=""/>
    <member type="way" ref="300852651" role=""/>
    <member type="way" ref="300852658" role=""/>
    <member type="way" ref="258511339" role=""/>
    <member type="way" ref="1102853856" role=""/>
    <member type="way" ref="1102853857" role=""/>
    <member type="way" ref="258511345" role=""/>
    <member type="way" ref="228423348" role=""/>
    <member type="way" ref="228423194" role=""/>
    <member type="way" ref="300852656" role=""/>
    <member type="way" ref="300852657" role=""/>
    <member type="way" ref="228423333" role=""/>
    <member type="way" ref="228423317" role=""/>
    <member type="way" ref="228423339" role=""/>
    <member type="way" ref="228423425" role=""/>
    <member type="way" ref="228423326" role=""/>
    <member type="way" ref="228423469" role=""/>
    <member type="way" ref="228423247" role=""/>
    <member type="way" ref="228423385" role=""/>
    <member type="way" ref="228423257" role=""/>
    <member type="way" ref="228423452" role=""/>
    <member type="way" ref="228423241" role=""/>
    <member type="way" ref="228423427" role=""/>
    <member type="way" ref="228423243" role=""/>
    <member type="way" ref="228423458" role=""/>
    <member type="way" ref="258024691" role=""/>
    <member type="way" ref="258024693" role=""/>
    <member type="way" ref="228423303" role=""/>
    <member type="way" ref="228423465" role=""/>
    <member type="way" ref="608150852" role=""/>
    <member type="way" ref="608150858" role=""/>
    <member type="way" ref="228423236" role=""/>
    <member type="way" ref="228423356" role=""/>
    <member type="way" ref="228423209" role=""/>
    <member type="way" ref="228423468" role=""/>
    <member type="way" ref="228423229" role=""/>
    <member type="way" ref="228423449" role=""/>
    <member type="way" ref="228423338" role=""/>
    <member type="way" ref="228423398" role=""/>
    <member type="way" ref="228972291" role=""/>
    <member type="way" ref="228972294" role=""/>
    <member type="way" ref="228423245" role=""/>
    <member type="way" ref="228423353" role=""/>
    <member type="way" ref="228423221" role=""/>
    <member type="way" ref="228423442" role=""/>
    <member type="way" ref="1319806400" role=""/>
    <member type="way" ref="1319806398" role=""/>
    <member type="way" ref="228423411" role=""/>
    <member type="way" ref="1098747034" role=""/>
    <member type="way" ref="1098747035" role=""/>
    <member type="way" ref="1319806401" role=""/>
    <member type="way" ref="1319806403" role=""/>
    <member type="way" ref="228423201" role=""/>
    <member type="way" ref="1319808759" role=""/>
    <member type="way" ref="1319808758" role=""/>
    <member type="way" ref="228423237" role=""/>
    <member type="way" ref="1319808761" role=""/>
    <member type="way" ref="1319808762" role=""/>
    <member type="way" ref="228423191" role=""/>
    <member type="way" ref="228423334" role=""/>
    <member type="way" ref="228423359" role=""/>
    <member type="way" ref="1319811190" role=""/>
    <member type="way" ref="1319811186" role=""/>
    <member type="way" ref="1319811192" role=""/>
    <member type="way" ref="1319811194" role=""/>
    <member type="way" ref="228423185" role=""/>
    <member type="way" ref="1285932227" role=""/>
    <member type="way" ref="228423227" role=""/>
    <member type="way" ref="228423443" role=""/>
    <member type="way" ref="1285932223" role=""/>
    <member type="way" ref="228425864" role=""/>
    <member type="way" ref="228425865" role=""/>
    <member type="way" ref="228423225" role=""/>
    <member type="way" ref="1285930921" role=""/>
    <member type="way" ref="228423438" role=""/>
    <member type="way" ref="1319807338" role=""/>
    <member type="way" ref="1319807337" role=""/>
    <member type="way" ref="1285929063" role=""/>
    <member type="way" ref="228423250" role=""/>
    <member type="way" ref="1285929064" role=""/>
    <member type="way" ref="1319807333" role=""/>
    <member type="way" ref="1319807336" role=""/>
    <member type="way" ref="228423350" role=""/>
    <member type="way" ref="228423235" role=""/>
    <member type="way" ref="228423421" role=""/>
    <member type="way" ref="228423208" role=""/>
    <member type="way" ref="228423183" role=""/>
    <member type="way" ref="223468502" role=""/>
    <member type="way" ref="223468503" role=""/>
    <member type="way" ref="674527495" role=""/>
    <member type="way" ref="674527496" role=""/>
    <member type="way" ref="178166922" role=""/>
    <member type="way" ref="169624243" role=""/>
    <member type="way" ref="169623979" role=""/>
    <member type="way" ref="169624159" role=""/>
    <member type="way" ref="169624128" role=""/>
    <member type="way" ref="169623983" role=""/>
    <member type="way" ref="169623995" role=""/>
    <member type="way" ref="169624195" role=""/>
    <member type="way" ref="169623978" role=""/>
    <member type="way" ref="169624221" role=""/>
    <member type="way" ref="169624017" role=""/>
    <member type="way" ref="169624235" role=""/>
    <member type="way" ref="169624148" role=""/>
    <member type="way" ref="169624158" role=""/>
    <member type="way" ref="169623997" role=""/>
    <member type="way" ref="169624197" role=""/>
    <member type="way" ref="169624122" role=""/>
    <member type="way" ref="169624242" role=""/>
    <member type="way" ref="169624147" role=""/>
    <member type="way" ref="169624198" role=""/>
    <member type="way" ref="169624068" role=""/>
    <member type="way" ref="169624292" role=""/>
    <member type="way" ref="169624057" role=""/>
    <member type="way" ref="169624263" role=""/>
    <member type="way" ref="169624036" role=""/>
    <member type="way" ref="169624298" role=""/>
    <member type="way" ref="169624034" role=""/>
    <member type="way" ref="169624286" role=""/>
    <member type="way" ref="169624130" role=""/>
    <member type="way" ref="169624192" role=""/>
    <member type="way" ref="169624059" role=""/>
    <member type="way" ref="169624187" role=""/>
    <member type="way" ref="169623993" role=""/>
    <member type="way" ref="169624201" role=""/>
    <member type="way" ref="169624006" role=""/>
    <member type="way" ref="169624190" role=""/>
    <member type="way" ref="169624119" role=""/>
    <member type="way" ref="169624205" role=""/>
    <member type="way" ref="465476566" role=""/>
    <member type="way" ref="465476565" role=""/>
    <member type="way" ref="465476564" role=""/>
    <member type="way" ref="465476563" role=""/>
    <member type="way" ref="465476560" role=""/>
    <member type="way" ref="465476559" role=""/>
    <member type="way" ref="169624161" role=""/>
    <member type="way" ref="169623999" role=""/>
    <member type="way" ref="169624106" role=""/>
    <member type="way" ref="169624160" role=""/>
    <member type="way" ref="169624016" role=""/>
    <member type="way" ref="169624218" role=""/>
    <member type="way" ref="169624004" role=""/>
    <member type="way" ref="169624156" role=""/>
    <member type="way" ref="169624100" role=""/>
    <member type="way" ref="169624217" role=""/>
    <member type="way" ref="169624047" role=""/>
    <member type="way" ref="169228539" role=""/>
    <member type="way" ref="169228546" role=""/>
    <member type="way" ref="169624173" role=""/>
    <member type="way" ref="169624120" role=""/>
    <member type="way" ref="169624163" role=""/>
    <member type="way" ref="169624069" role=""/>
    <member type="way" ref="169624214" role=""/>
    <member type="way" ref="169623981" role=""/>
    <member type="way" ref="169624155" role=""/>
    <member type="way" ref="169624080" role=""/>
    <member type="way" ref="169624222" role=""/>
    <member type="way" ref="169624030" role=""/>
    <member type="way" ref="169624244" role=""/>
    <member type="way" ref="169624028" role=""/>
    <member type="way" ref="169624212" role=""/>
    <member type="way" ref="169624013" role=""/>
    <member type="way" ref="169624282" role=""/>
    <member type="way" ref="169624062" role=""/>
    <member type="way" ref="169228551" role=""/>
    <member type="way" ref="169228547" role=""/>
    <member type="way" ref="169624246" role=""/>
    <member type="way" ref="169624073" role=""/>
    <member type="way" ref="87188872" role=""/>
    <member type="way" ref="750339313" role=""/>
    <member type="way" ref="169228544" role=""/>
    <member type="way" ref="87188823" role=""/>
    <member type="way" ref="395885015" role=""/>
    <member type="way" ref="63595436" role=""/>
    <member type="way" ref="63223277" role=""/>
    <member type="way" ref="86627060" role=""/>
    <member type="way" ref="65477963" role=""/>
    <member type="way" ref="65477943" role=""/>
    <member type="way" ref="65477948" role=""/>
    <member type="way" ref="65477973" role=""/>
    <member type="way" ref="65477987" role=""/>
    <member type="way" ref="65477965" role=""/>
    <member type="way" ref="649196341" role=""/>
    <member type="way" ref="649196342" role=""/>
    <member type="way" ref="65473892" role=""/>
    <member type="way" ref="71859731" role=""/>
    <member type="way" ref="753750951" role=""/>
    <member type="way" ref="176496273" role=""/>
    <member type="way" ref="176496274" role=""/>
    <member type="way" ref="66205260" role=""/>
    <member type="way" ref="28123783" role=""/>
    <member type="way" ref="395885011" role=""/>
    <member type="way" ref="1313714080" role=""/>
    <member type="way" ref="176496271" role=""/>
    <member type="way" ref="71435200" role=""/>
    <member type="way" ref="71435182" role=""/>
    <member type="way" ref="76849415" role=""/>
    <member type="way" ref="459988200" role=""/>
    <member type="way" ref="76849195" role=""/>
    <member type="way" ref="980796467" role=""/>
    <member type="way" ref="28746776" role=""/>
    <member type="way" ref="44317050" role=""/>
    <member type="way" ref="77349469" role=""/>
    <member type="way" ref="77349510" role=""/>
    <member type="way" ref="985796729" role=""/>
    <member type="way" ref="70258955" role=""/>
    <member type="way" ref="1297654555" role=""/>
    <member type="way" ref="1297654554" role=""/>
    <member type="way" ref="1297654553" role=""/>
    <member type="way" ref="1313455081" role=""/>
    <member type="way" ref="202678360" role=""/>
    <member type="way" ref="70258960" role=""/>
    <member type="way" ref="523568281" role=""/>
    <member type="way" ref="70258957" role=""/>
    <member type="way" ref="395885020" role=""/>
    <member type="way" ref="1313465446" role=""/>
    <member type="way" ref="679552303" role=""/>
    <member type="way" ref="679552300" role=""/>
    <member type="way" ref="70220642" role=""/>
    <member type="way" ref="1313447930" role=""/>
    <member type="way" ref="1313447925" role=""/>
    <member type="way" ref="70220645" role=""/>
    <member type="way" ref="1313447927" role=""/>
    <member type="way" ref="614071993" role=""/>
    <member type="way" ref="1313450495" role=""/>
    <member type="way" ref="125736541" role=""/>
    <member type="way" ref="125736542" role=""/>
    <member type="way" ref="1313450499" role=""/>
    <member type="way" ref="614071990" role=""/>
    <member type="way" ref="679552310" role=""/>
    <member type="way" ref="175803885" role=""/>
    <member type="way" ref="77617172" role=""/>
    <member type="way" ref="77617232" role=""/>
    <member type="way" ref="1324343885" role=""/>
    <member type="way" ref="38699434" role=""/>
    <member type="way" ref="202762525" role=""/>
    <member type="way" ref="395885025" role=""/>
    <member type="way" ref="615472620" role=""/>
    <member type="way" ref="1243662600" role=""/>
    <member type="way" ref="619372065" role=""/>
    <member type="way" ref="615472619" role=""/>
    <member type="way" ref="290137949" role=""/>
    <member type="way" ref="619372060" role=""/>
    <member type="way" ref="619372062" role=""/>
    <member type="way" ref="615472622" role=""/>
    <member type="way" ref="519172099" role=""/>
    <member type="way" ref="290137952" role=""/>
    <member type="way" ref="1013996167" role=""/>
    <member type="way" ref="519172101" role=""/>
    <member type="way" ref="1272738155" role=""/>
    <member type="way" ref="502428945" role=""/>
    <member type="way" ref="1272735117" role=""/>
    <member type="way" ref="615472624" role=""/>
    <member type="way" ref="519440487" role=""/>
    <member type="way" ref="615472591" role=""/>
    <member type="way" ref="1272735118" role=""/>
    <member type="way" ref="502428949" role=""/>
    <member type="way" ref="1312003264" role=""/>
    <member type="way" ref="615472625" role=""/>
    <member type="way" ref="519440491" role=""/>
    <member type="way" ref="615472631" role=""/>
    <member type="way" ref="1312003262" role=""/>
    <member type="way" ref="615472595" role=""/>
    <member type="way" ref="1312010664" role=""/>
    <member type="way" ref="519440492" role=""/>
    <member type="way" ref="519440489" role=""/>
    <member type="way" ref="615472635" role=""/>
    <member type="way" ref="1312010662" role=""/>
    <member type="way" ref="77629882" role=""/>
    <member type="way" ref="77629885" role=""/>
    <member type="way" ref="1272699865" role=""/>
    <member type="way" ref="77629926" role=""/>
    <member type="way" ref="77629901" role=""/>
    <member type="way" ref="1272964920" role=""/>
    <member type="way" ref="1067482155" role=""/>
    <member type="way" ref="1067482156" role=""/>
    <member type="way" ref="78331491" role=""/>
    <member type="way" ref="1274043087" role=""/>
    <member type="way" ref="1274043086" role=""/>
    <member type="way" ref="1268930380" role=""/>
    <member type="way" ref="1268930379" role=""/>
    <member type="way" ref="78331478" role=""/>
    <member type="way" ref="1199392723" role=""/>
    <member type="way" ref="1271957904" role=""/>
    <member type="way" ref="1312217828" role=""/>
    <member type="way" ref="78331498" role=""/>
    <member type="way" ref="1312217829" role=""/>
    <member type="way" ref="1271957906" role=""/>
    <member type="way" ref="1271411350" role=""/>
    <member type="way" ref="78331476" role=""/>
    <member type="way" ref="1271411348" role=""/>
    <member type="way" ref="625482869" role=""/>
    <member type="way" ref="1427682222" role=""/>
    <member type="way" ref="625482867" role=""/>
    <member type="way" ref="1125550299" role=""/>
    <member type="way" ref="1274032656" role=""/>
    <member type="way" ref="1274032655" role=""/>
    <member type="way" ref="1125550300" role=""/>
    <member type="way" ref="1183847107" role=""/>
    <member type="way" ref="228423376" role=""/>
    <member type="way" ref="1272664354" role=""/>
    <member type="way" ref="1244884283" role=""/>
    <member type="way" ref="1183847108" role=""/>
    <member type="way" ref="1072647990" role=""/>
    <member type="way" ref="1272663268" role=""/>
    <member type="way" ref="1072647991" role=""/>
    <member type="way" ref="843178842" role=""/>
    <member type="way" ref="1272663266" role=""/>
    <member type="way" ref="1272661854" role=""/>
    <member type="way" ref="1272661855" role=""/>
    <member type="way" ref="1272669609" role=""/>
    <member type="way" ref="1272669610" role=""/>
    <member type="way" ref="78331465" role=""/>
    <member type="way" ref="1274028500" role=""/>
    <member type="way" ref="1274028499" role=""/>
    <member type="way" ref="228423242" role=""/>
    <member type="way" ref="1187218044" role=""/>
    <member type="way" ref="1272651618" role=""/>
    <member type="way" ref="1272651616" role=""/>
    <member type="way" ref="1272998163" role=""/>
    <member type="way" ref="1272998166" role=""/>
    <member type="way" ref="1069829958" role=""/>
    <member type="way" ref="1207879790" role=""/>
    <member type="way" ref="1207879791" role=""/>
    <member type="way" ref="1069829954" role=""/>
    <member type="way" ref="1069829950" role=""/>
    <member type="way" ref="1069829949" role=""/>
    <member type="way" ref="1201632474" role=""/>
    <member type="way" ref="1201632476" role=""/>
    <member type="way" ref="1271945725" role=""/>
    <member type="way" ref="1271945726" role=""/>
    <member type="way" ref="78331466" role=""/>
    <member type="way" ref="1272650334" role=""/>
    <member type="way" ref="1272650333" role=""/>
    <member type="way" ref="1078950287" role=""/>
    <member type="way" ref="1078950285" role=""/>
    <member type="way" ref="228423218" role=""/>
    <member type="way" ref="1285558661" role=""/>
    <member type="way" ref="1285558663" role=""/>
    <member type="way" ref="1078965550" role=""/>
    <member type="way" ref="1078965561" role=""/>
    <member type="way" ref="1078965559" role=""/>
    <member type="way" ref="1078965555" role=""/>
    <member type="way" ref="1078965556" role=""/>
    <member type="way" ref="1078965551" role=""/>
    <member type="way" ref="1285481910" role=""/>
    <member type="way" ref="1285481905" role=""/>
    <member type="way" ref="1285511922" role=""/>
    <member type="way" ref="1285511924" role=""/>
    <member type="way" ref="1285522632" role=""/>
    <member type="way" ref="1285525350" role=""/>
    <member type="way" ref="169026336" role=""/>
    <member type="way" ref="228423214" role=""/>
    <member type="way" ref="1285619440" role=""/>
    <member type="way" ref="169288002" role=""/>
    <member type="way" ref="1285619442" role=""/>
    <member type="way" ref="1285625803" role=""/>
    <member type="way" ref="1099986102" role=""/>
    <member type="way" ref="1285625805" role=""/>
    <member type="way" ref="1099986103" role=""/>
    <member type="way" ref="1281083424" role=""/>
    <member type="way" ref="1281087556" role=""/>
    <member type="way" ref="1281087555" role=""/>
    <member type="way" ref="228423251" role=""/>
    <member type="way" ref="1281109164" role=""/>
    <member type="way" ref="1281109165" role=""/>
    <member type="way" ref="228423426" role=""/>
    <member type="way" ref="1285903930" role=""/>
    <member type="way" ref="228423321" role=""/>
    <member type="way" ref="1285903925" role=""/>
    <member type="way" ref="1285903926" role=""/>
    <member type="way" ref="1285903929" role=""/>
    <member type="way" ref="260851309" role=""/>
    <member type="way" ref="1285898978" role=""/>
    <member type="way" ref="1285898979" role=""/>
    <member type="way" ref="1285898977" role=""/>
    <member type="way" ref="1285898976" role=""/>
    <member type="way" ref="1285893081" role=""/>
    <member type="way" ref="1285893080" role=""/>
    <member type="way" ref="1285893079" role=""/>
    <member type="way" ref="1285893078" role=""/>
    <member type="way" ref="83256279" role=""/>
    <member type="way" ref="1314601799" role=""/>
    <member type="way" ref="1285883654" role=""/>
    <member type="way" ref="1285886700" role=""/>
    <member type="way" ref="1285886701" role=""/>
    <member type="way" ref="1089057066" role=""/>
    <member type="way" ref="1285886702" role=""/>
    <member type="way" ref="31265167" role=""/>
    <member type="way" ref="31265169" role=""/>
    <member type="way" ref="31265171" role=""/>
    <member type="way" ref="31265174" role=""/>
    <member type="way" ref="31265175" role=""/>
    <member type="way" ref="1096746333" role=""/>
    <member type="way" ref="1096746334" role=""/>
    <member type="way" ref="228423463" role=""/>
    <member type="way" ref="228423266" role=""/>
    <member type="way" ref="228423358" role=""/>
    <member type="way" ref="228423246" role=""/>
    <member type="way" ref="228423441" role=""/>
    <member type="way" ref="228423269" role=""/>
    <member type="way" ref="228423439" role=""/>
    <member type="way" ref="228423232" role=""/>
    <member type="way" ref="228423395" role=""/>
    <member type="way" ref="228423238" role=""/>
    <member type="way" ref="608146119" role=""/>
    <member type="way" ref="608146117" role=""/>
    <member type="way" ref="228423448" role=""/>
    <member type="way" ref="228423231" role=""/>
    <member type="way" ref="258847005" role=""/>
    <member type="way" ref="258847004" role=""/>
    <member type="way" ref="259780795" role=""/>
    <member type="way" ref="259780794" role=""/>
    <member type="way" ref="228423413" role=""/>
    <member type="way" ref="228423252" role=""/>
    <member type="way" ref="228423435" role=""/>
    <member type="way" ref="228423230" role=""/>
    <member type="way" ref="1094077045" role=""/>
    <member type="way" ref="1094077046" role=""/>
    <member type="way" ref="228423457" role=""/>
    <member type="way" ref="228423233" role=""/>
    <member type="way" ref="1098220323" role=""/>
    <member type="way" ref="1098220320" role=""/>
    <member type="way" ref="1098220321" role=""/>
    <member type="way" ref="1098240615" role=""/>
    <member type="way" ref="1098240611" role=""/>
    <member type="way" ref="1098240612" role=""/>
    <member type="way" ref="1098240614" role=""/>
    <member type="way" ref="1098240613" role=""/>
    <member type="way" ref="1098240618" role=""/>
    <member type="way" ref="1098220322" role=""/>
    <member type="way" ref="1098220319" role=""/>
    <member type="way" ref="1098220318" role=""/>
    <member type="way" ref="228423198" role=""/>
    <member type="way" ref="228423322" role=""/>
    <member type="way" ref="228423432" role=""/>
    <member type="way" ref="228423297" role=""/>
    <member type="way" ref="228423206" role=""/>
    <member type="way" ref="1319807335" role=""/>
    <member type="way" ref="1319807334" role=""/>
    <member type="way" ref="1285929065" role=""/>
    <member type="way" ref="228423264" role=""/>
    <member type="way" ref="1285929062" role=""/>
    <member type="way" ref="1319807340" role=""/>
    <member type="way" ref="1319807341" role=""/>
    <member type="way" ref="228423444" role=""/>
    <member type="way" ref="1285930920" role=""/>
    <member type="way" ref="228423261" role=""/>
    <member type="way" ref="228423446" role=""/>
    <member type="way" ref="228425863" role=""/>
    <member type="way" ref="1285932222" role=""/>
    <member type="way" ref="1319811287" role=""/>
    <member type="way" ref="228425866" role=""/>
    <member type="way" ref="228423253" role=""/>
    <member type="way" ref="1285932226" role=""/>
    <member type="way" ref="228423459" role=""/>
    <member type="way" ref="1319811193" role=""/>
    <member type="way" ref="1319811191" role=""/>
    <member type="way" ref="228423361" role=""/>
    <member type="way" ref="1319811189" role=""/>
    <member type="way" ref="1319811188" role=""/>
    <member type="way" ref="1319811187" role=""/>
    <member type="way" ref="1319811185" role=""/>
    <member type="way" ref="228423288" role=""/>
    <member type="way" ref="1319811184" role=""/>
    <member type="way" ref="228423195" role=""/>
    <member type="way" ref="1319808764" role=""/>
    <member type="way" ref="1319808763" role=""/>
    <member type="way" ref="228423293" role=""/>
    <member type="way" ref="1319808760" role=""/>
    <member type="way" ref="1319808757" role=""/>
    <member type="way" ref="228423203" role=""/>
    <member type="way" ref="1319806404" role=""/>
    <member type="way" ref="1319806402" role=""/>
    <member type="way" ref="1098747037" role=""/>
    <member type="way" ref="1098747036" role=""/>
    <member type="way" ref="228423430" role=""/>
    <member type="way" ref="1319806397" role=""/>
    <member type="way" ref="1319806399" role=""/>
    <member type="way" ref="228423456" role=""/>
    <member type="way" ref="228423284" role=""/>
    <member type="way" ref="228423355" role=""/>
    <member type="way" ref="228423228" role=""/>
    <member type="way" ref="228423409" role=""/>
    <member type="way" ref="228972292" role=""/>
    <member type="way" ref="228972293" role=""/>
    <member type="way" ref="228423223" role=""/>
    <member type="way" ref="228423433" role=""/>
    <member type="way" ref="228423305" role=""/>
    <member type="way" ref="228423460" role=""/>
    <member type="way" ref="228423263" role=""/>
    <member type="way" ref="228423363" role=""/>
    <member type="way" ref="228423265" role=""/>
    <member type="way" ref="228423462" role=""/>
    <member type="way" ref="608150856" role=""/>
    <member type="way" ref="608150855" role=""/>
    <member type="way" ref="228423344" role=""/>
    <member type="way" ref="228423464" role=""/>
    <member type="way" ref="258024690" role=""/>
    <member type="way" ref="258024692" role=""/>
    <member type="way" ref="228423212" role=""/>
    <member type="way" ref="228423428" role=""/>
    <member type="way" ref="228423345" role=""/>
    <member type="way" ref="228423440" role=""/>
    <member type="way" ref="228423308" role=""/>
    <member type="way" ref="228423423" role=""/>
    <member type="way" ref="228423239" role=""/>
    <member type="way" ref="228423196" role=""/>
    <member type="way" ref="228423291" role=""/>
    <member type="way" ref="228423405" role=""/>
    <member type="way" ref="228423234" role=""/>
    <member type="way" ref="228423354" role=""/>
    <member type="way" ref="228423254" role=""/>
    <member type="way" ref="228423187" role=""/>
    <member type="way" ref="300852655" role=""/>
    <member type="way" ref="1096194017" role=""/>
    <member type="way" ref="300852649" role=""/>
    <member type="way" ref="228423267" role=""/>
    <member type="way" ref="228423184" role=""/>
    <member type="way" ref="1102853855" role=""/>
    <member type="way" ref="1102853854" role=""/>
    <member type="way" ref="258511342" role=""/>
    <member type="way" ref="258511338" role=""/>
    <member type="way" ref="300852653" role=""/>
    <member type="way" ref="1100666642" role=""/>
    <member type="way" ref="1100666641" role=""/>
    <member type="way" ref="300852659" role=""/>
    <member type="way" ref="1100666652" role=""/>
    <member type="way" ref="1100666651" role=""/>
    <member type="way" ref="1285173956" role=""/>
    <member type="way" ref="1285173955" role=""/>
    <member type="way" ref="228423259" role=""/>
    <member type="way" ref="1103059154" role=""/>
    <member type="way" ref="1103059155" role=""/>
    <member type="way" ref="228423454" role=""/>
    <member type="way" ref="1103059987" role=""/>
    <member type="way" ref="1103059986" role=""/>
    <member type="way" ref="1103059163" role=""/>
    <member type="way" ref="1103059162" role=""/>
    <member type="way" ref="228423255" role=""/>
    <member type="way" ref="228423207" role=""/>
    <member type="way" ref="300852652" role=""/>
    <member type="way" ref="300852650" role=""/>
    <member type="way" ref="228423213" role=""/>
    <member type="way" ref="228423388" role=""/>
    <member type="way" ref="228423346" role=""/>
    <member type="way" ref="228423401" role=""/>
    <member type="way" ref="228423240" role=""/>
    <member type="way" ref="228423366" role=""/>
    <member type="way" ref="300689338" role=""/>
    <member type="way" ref="300689347" role=""/>
    <member type="way" ref="300689339" role=""/>
    <member type="way" ref="1100666672" role=""/>
    <member type="way" ref="1100666671" role=""/>
    <member type="way" ref="300689346" role=""/>
    <member type="way" ref="228423341" role=""/>
    <member type="way" ref="228423364" role=""/>
    <member type="way" ref="228423347" role=""/>
    <member type="way" ref="228423200" role=""/>
    <member type="way" ref="1192245064" role=""/>
    <member type="way" ref="228423335" role=""/>
    <member type="way" ref="228423197" role=""/>
    <member type="way" ref="228423357" role=""/>
    <member type="way" ref="228423329" role=""/>
    <member type="way" ref="228423360" role=""/>
    <member type="way" ref="228423451" role=""/>
    <member type="way" ref="228423319" role=""/>
    <member type="way" ref="177974349" role=""/>
    <member type="way" ref="1146238670" role=""/>
    <member type="way" ref="1146238669" role=""/>
    <member type="way" ref="169357545" role=""/>
    <member type="way" ref="169357589" role=""/>
    <member type="way" ref="1287031414" role=""/>
    <member type="way" ref="177454765" role=""/>
    <member type="way" ref="177454759" role=""/>
    <member type="way" ref="169357561" role=""/>
    <member type="way" ref="1224004972" role=""/>
    <member type="way" ref="1224004973" role=""/>
    <member type="way" ref="1287031412" role=""/>
    <member type="way" ref="169357582" role=""/>
    <member type="way" ref="608157354" role=""/>
    <member type="way" ref="608157355" role=""/>
    <member type="way" ref="608157360" role=""/>
    <member type="way" ref="608157359" role=""/>
    <member type="way" ref="608158777" role=""/>
    <member type="way" ref="1287024713" role=""/>
    <member type="way" ref="1287024709" role=""/>
    <member type="way" ref="1287024710" role=""/>
    <member type="way" ref="1287024715" role=""/>
    <member type="way" ref="608158778" role=""/>
    <member type="way" ref="169357555" role=""/>
    <member type="way" ref="169357584" role=""/>
    <member type="way" ref="83388805" role=""/>
    <member type="way" ref="240460793" role=""/>
    <member type="way" ref="169357574" role=""/>
    <member type="way" ref="169357566" role=""/>
    <member type="way" ref="639197292" role=""/>
    <member type="way" ref="639197290" role=""/>
    <member type="way" ref="1289312335" role=""/>
    <member type="way" ref="240460794" role=""/>
    <member type="way" ref="1291206698" role=""/>
    <member type="way" ref="1291206697" role=""/>
    <member type="way" ref="895307414" role=""/>
    <member type="way" ref="895307415" role=""/>
    <member type="way" ref="169357567" role=""/>
    <member type="way" ref="177818748" role=""/>
    <member type="way" ref="177818747" role=""/>
    <member type="way" ref="177974345" role=""/>
    <member type="way" ref="843178840" role=""/>
    <member type="way" ref="177974344" role=""/>
    <member type="way" ref="1328764927" role=""/>
    <member type="way" ref="1328764928" role=""/>
    <member type="way" ref="228423204" role=""/>
    <member type="way" ref="639189107" role=""/>
    <member type="way" ref="1098178134" role=""/>
    <member type="way" ref="1098178133" role=""/>
    <member type="way" ref="639189108" role=""/>
    <member type="way" ref="635287269" role=""/>
    <member type="way" ref="635287268" role=""/>
    <member type="way" ref="635294693" role=""/>
    <member type="way" ref="635294696" role=""/>
    <member type="way" ref="169357550" role=""/>
    <member type="way" ref="169357536" role=""/>
    <member type="way" ref="169357551" role=""/>
    <member type="way" ref="1295604335" role=""/>
    <member type="way" ref="1295604338" role=""/>
    <member type="way" ref="1295604336" role=""/>
    <member type="way" ref="1295604340" role=""/>
    <member type="way" ref="169357569" role=""/>
    <member type="way" ref="292173086" role=""/>
    <member type="way" ref="237299558" role=""/>
    <member type="way" ref="292173082" role=""/>
    <member type="way" ref="292173084" role=""/>
    <member type="way" ref="169357543" role=""/>
    <member type="way" ref="1243203821" role=""/>
    <member type="way" ref="169357587" role=""/>
    <member type="way" ref="1097717036" role=""/>
    <member type="way" ref="237299557" role=""/>
    <member type="way" ref="169357559" role=""/>
    <member type="way" ref="238241069" role=""/>
    <member type="way" ref="169357563" role=""/>
    <member type="way" ref="412693042" role=""/>
    <member type="way" ref="169357590" role=""/>
    <member type="way" ref="169357546" role=""/>
    <member type="way" ref="169357581" role=""/>
    <member type="way" ref="1098240620" role=""/>
    <member type="way" ref="1098240619" role=""/>
    <member type="way" ref="169357548" role=""/>
    <member type="way" ref="169357578" role=""/>
    <member type="way" ref="1098240602" role=""/>
    <member type="way" ref="1098240601" role=""/>
    <member type="way" ref="169357556" role=""/>
    <member type="way" ref="639184494" role=""/>
    <member type="way" ref="639184493" role=""/>
    <member type="way" ref="169357576" role=""/>
    <member type="way" ref="169357554" role=""/>
    <member type="way" ref="169357539" role=""/>
    <member type="way" ref="482761593" role=""/>
    <member type="way" ref="482761598" role=""/>
    <member type="way" ref="482761599" role=""/>
    <member type="way" ref="482761596" role=""/>
    <member type="way" ref="482761607" role=""/>
    <member type="way" ref="482761608" role=""/>
    <member type="way" ref="482761589" role=""/>
    <member type="way" ref="482761590" role=""/>
    <member type="way" ref="482761626" role=""/>
    <member type="way" ref="482761628" role=""/>
    <member type="way" ref="482761624" role=""/>
    <member type="way" ref="482761631" role=""/>
    <member type="way" ref="634208156" role=""/>
    <member type="way" ref="634208155" role=""/>
    <member type="way" ref="482761650" role=""/>
    <member type="way" ref="482761654" role=""/>
    <member type="way" ref="482761652" role=""/>
    <member type="way" ref="482761648" role=""/>
    <member type="way" ref="482761657" role=""/>
    <member type="way" ref="482761646" role=""/>
    <member type="way" ref="482761643" role=""/>
    <member type="way" ref="254476148" role=""/>
    <member type="way" ref="192938659" role=""/>
    <member type="way" ref="482761686" role=""/>
    <member type="way" ref="1289273944" role=""/>
    <member type="way" ref="1289273943" role=""/>
    <member type="way" ref="482761685" role=""/>
    <member type="way" ref="192938665" role=""/>
    <member type="way" ref="222636863" role=""/>
    <member type="way" ref="240000747" role=""/>
    <member type="way" ref="482761674" role=""/>
    <member type="way" ref="633270385" role=""/>
    <member type="way" ref="1486755540" role=""/>
    <member type="way" ref="1486755538" role=""/>
    <member type="way" ref="240000753" role=""/>
    <member type="way" ref="482761671" role=""/>
    <member type="way" ref="620778327" role=""/>
    <member type="way" ref="254476155" role=""/>
    <member type="way" ref="632573070" role=""/>
    <member type="way" ref="632573069" role=""/>
    <member type="way" ref="1467278550" role=""/>
    <member type="way" ref="1467278549" role=""/>
    <member type="way" ref="1327776665" role=""/>
    <member type="way" ref="1327776664" role=""/>
    <member type="way" ref="1327776469" role=""/>
    <member type="way" ref="1327776468" role=""/>
    <member type="way" ref="1327775969" role=""/>
    <member type="way" ref="1327775967" role=""/>
    <member type="way" ref="365883532" role=""/>
    <member type="way" ref="1106883867" role=""/>
    <member type="way" ref="1112000814" role=""/>
    <member type="way" ref="1112000815" role=""/>
    <member type="way" ref="1106883866" role=""/>
    <member type="way" ref="1465347472" role=""/>
    <member type="way" ref="1465347473" role=""/>
    <member type="way" ref="222638386" role=""/>
    <member type="way" ref="257163268" role=""/>
    <member type="way" ref="1327768368" role=""/>
    <member type="way" ref="1327768369" role=""/>
    <member type="way" ref="1327768121" role=""/>
    <member type="way" ref="1327768123" role=""/>
    <member type="way" ref="257163269" role=""/>
    <member type="way" ref="637295829" role=""/>
    <member type="way" ref="637295831" role=""/>
    <member type="way" ref="637295954" role=""/>
    <member type="way" ref="637295955" role=""/>
    <member type="way" ref="1087126392" role=""/>
    <member type="way" ref="43991256" role=""/>
    <member type="way" ref="43991257" role=""/>
    <member type="way" ref="1022245193" role=""/>
    <member type="way" ref="829373462" role=""/>
    <member type="way" ref="1022245194" role=""/>
    <member type="way" ref="829373461" role=""/>
    <member type="way" ref="829373456" role=""/>
    <member type="way" ref="829373434" role=""/>
    <member type="way" ref="829373455" role=""/>
    <member type="way" ref="829373442" role=""/>
    <member type="way" ref="829373447" role=""/>
    <member type="way" ref="829373439" role=""/>
    <member type="way" ref="1113535149" role=""/>
    <member type="way" ref="1113535150" role=""/>
    <member type="way" ref="829373437" role=""/>
    <member type="way" ref="829373441" role=""/>
    <member type="way" ref="1364423105" role=""/>
    <member type="way" ref="1364423106" role=""/>
    <member type="way" ref="829373445" role=""/>
    <member type="way" ref="1318087610" role=""/>
    <member type="way" ref="1318087613" role=""/>
    <member type="way" ref="1318087614" role=""/>
    <member type="way" ref="128282087" role=""/>
    <member type="way" ref="829373481" role=""/>
    <member type="way" ref="1318087615" role=""/>
    <member type="way" ref="1088334262" role=""/>
    <member type="way" ref="1318087617" role=""/>
    <member type="way" ref="772753702" role=""/>
    <member type="way" ref="657391334" role=""/>
    <member type="way" ref="772753736" role=""/>
    <member type="way" ref="1293845770" role=""/>
    <member type="way" ref="1318087620" role=""/>
    <member type="way" ref="1293845771" role=""/>
    <member type="way" ref="772753728" role=""/>
    <member type="way" ref="772753733" role=""/>
    <member type="way" ref="772753726" role=""/>
    <member type="way" ref="772753732" role=""/>
    <member type="way" ref="1318087622" role=""/>
    <member type="way" ref="1318087623" role=""/>
    <member type="way" ref="1318091469" role=""/>
    <member type="way" ref="772753752" role=""/>
    <member type="way" ref="772753750" role=""/>
    <member type="way" ref="772753751" role=""/>
    <member type="way" ref="772753763" role=""/>
    <member type="way" ref="1318091471" role=""/>
    <member type="way" ref="1293553133" role=""/>
    <member type="way" ref="1293553129" role=""/>
    <member type="way" ref="1293553128" role=""/>
    <member type="way" ref="772753771" role=""/>
    <member type="way" ref="772753770" role=""/>
    <member type="way" ref="772753774" role=""/>
    <member type="way" ref="1318094413" role=""/>
    <member type="way" ref="1318094407" role=""/>
    <member type="way" ref="1318094409" role=""/>
    <member type="way" ref="772753792" role=""/>
    <member type="way" ref="772753716" role=""/>
    <member type="way" ref="772753784" role=""/>
    <member type="way" ref="772753713" role=""/>
    <member type="way" ref="772753804" role=""/>
    <member type="way" ref="1318094412" role=""/>
    <member type="way" ref="1318094411" role=""/>
    <member type="way" ref="772753791" role=""/>
    <member type="way" ref="1318095864" role=""/>
    <member type="way" ref="772753799" role=""/>
    <member type="way" ref="772753803" role=""/>
    <member type="way" ref="772753801" role=""/>
    <member type="way" ref="772753811" role=""/>
    <member type="way" ref="772753821" role=""/>
    <member type="way" ref="772753820" role=""/>
    <member type="way" ref="772753822" role=""/>
    <member type="way" ref="772753837" role=""/>
    <member type="way" ref="772753825" role=""/>
    <member type="way" ref="772753829" role=""/>
    <member type="way" ref="1318095865" role=""/>
    <member type="way" ref="1067768088" role=""/>
    <member type="way" ref="1295667206" role=""/>
    <member type="way" ref="1295667207" role=""/>
    <member type="way" ref="1067768085" role=""/>
    <member type="way" ref="1295667211" role=""/>
    <member type="way" ref="1295667210" role=""/>
    <member type="way" ref="1318084707" role=""/>
    <member type="way" ref="1067768077" role=""/>
    <member type="way" ref="1067768073" role=""/>
    <member type="way" ref="1295670164" role=""/>
    <member type="way" ref="1295670165" role=""/>
    <member type="way" ref="1067768071" role=""/>
    <member type="way" ref="202540040" role=""/>
    <member type="way" ref="39810002" role=""/>
    <member type="way" ref="239999195" role=""/>
    <member type="way" ref="122424383" role=""/>
    <member type="way" ref="1293053013" role=""/>
    <member type="way" ref="1293053011" role=""/>
    <member type="way" ref="248423974" role=""/>
    <member type="way" ref="1295717847" role=""/>
    <member type="way" ref="1295717848" role=""/>
    <member type="way" ref="1110254967" role=""/>
    <member type="way" ref="1110254966" role=""/>
    <member type="way" ref="1295717843" role=""/>
    <member type="way" ref="1295717844" role=""/>
    <member type="way" ref="248423972" role=""/>
    <member type="way" ref="425550387" role=""/>
    <member type="way" ref="425550381" role=""/>
    <member type="way" ref="425550384" role=""/>
    <member type="way" ref="425550389" role=""/>
    <member type="way" ref="425557277" role=""/>
    <member type="way" ref="425557276" role=""/>
    <member type="way" ref="394051862" role=""/>
    <member type="way" ref="394051865" role=""/>
    <member type="way" ref="1087318201" role=""/>
    <member type="way" ref="1087318199" role=""/>
    <member type="way" ref="122424386" role=""/>
    <member type="way" ref="1087318231" role=""/>
    <member type="way" ref="1087318228" role=""/>
    <member type="way" ref="122424395" role=""/>
    <member type="way" ref="1087318209" role=""/>
    <member type="way" ref="1087318206" role=""/>
    <member type="way" ref="122424377" role=""/>
    <member type="way" ref="122424387" role=""/>
    <member type="way" ref="122424371" role=""/>
    <member type="way" ref="122424384" role=""/>
    <member type="way" ref="122424376" role=""/>
    <member type="way" ref="122424373" role=""/>
    <member type="way" ref="1293855838" role=""/>
    <member type="way" ref="1293855839" role=""/>
    <member type="way" ref="122424375" role=""/>
    <member type="way" ref="122424368" role=""/>
    <member type="way" ref="122424397" role=""/>
    <member type="way" ref="1295679332" role=""/>
    <member type="way" ref="1295679331" role=""/>
    <member type="way" ref="1295679326" role=""/>
    <member type="way" ref="1295679325" role=""/>
    <member type="way" ref="1196011897" role=""/>
    <member type="way" ref="1318587644" role=""/>
    <member type="way" ref="825488641" role=""/>
    <member type="way" ref="825488653" role=""/>
    <member type="way" ref="825488639" role=""/>
    <member type="way" ref="825488636" role=""/>
    <member type="way" ref="1156626963" role=""/>
    <member type="way" ref="1318376583" role=""/>
    <member type="way" ref="122412262" role=""/>
    <member type="way" ref="825488635" role=""/>
    <member type="way" ref="122412271" role=""/>
    <member type="way" ref="1117727978" role=""/>
    <member type="way" ref="825488638" role=""/>
    <member type="way" ref="122412252" role=""/>
    <member type="way" ref="1318376585" role=""/>
    <member type="way" ref="1318376587" role=""/>
    <member type="way" ref="1318376588" role=""/>
    <member type="way" ref="122412269" role=""/>
    <member type="way" ref="122412256" role=""/>
    <member type="way" ref="122412244" role=""/>
    <member type="way" ref="122412248" role=""/>
    <member type="way" ref="1318376591" role=""/>
    <member type="way" ref="1318376592" role=""/>
    <member type="way" ref="1318376595" role=""/>
    <member type="way" ref="1318376597" role=""/>
    <member type="way" ref="122412247" role=""/>
    <member type="way" ref="1318374401" role=""/>
    <member type="way" ref="1318374399" role=""/>
    <member type="way" ref="122412259" role=""/>
    <member type="way" ref="1318374394" role=""/>
    <member type="way" ref="1318374397" role=""/>
    <member type="way" ref="122412266" role=""/>
    <member type="way" ref="1318373368" role=""/>
    <member type="way" ref="237101547" role=""/>
    <member type="way" ref="122412254" role=""/>
    <member type="way" ref="1318373366" role=""/>
    <member type="way" ref="1318373367" role=""/>
    <member type="way" ref="122412273" role=""/>
    <member type="way" ref="122412257" role=""/>
    <member type="way" ref="122412264" role=""/>
    <member type="way" ref="122412261" role=""/>
    <member type="way" ref="122412242" role=""/>
    <member type="way" ref="1109663489" role=""/>
    <member type="way" ref="1109663488" role=""/>
    <member type="way" ref="1328994746" role=""/>
    <member type="way" ref="1328994747" role=""/>
    <member type="way" ref="258165699" role=""/>
    <member type="way" ref="825488660" role=""/>
    <member type="way" ref="825488662" role=""/>
    <member type="way" ref="825488665" role=""/>
    <member type="way" ref="825488666" role=""/>
    <member type="way" ref="825488669" role=""/>
    <member type="way" ref="825488670" role=""/>
    <member type="way" ref="825488673" role=""/>
    <member type="way" ref="825488676" role=""/>
    <member type="way" ref="825488679" role=""/>
    <member type="way" ref="825488681" role=""/>
    <member type="way" ref="825488697" role=""/>
    <member type="way" ref="825488698" role=""/>
    <member type="way" ref="258165689" role=""/>
    <member type="way" ref="258165700" role=""/>
    <member type="way" ref="39805551" role=""/>
    <member type="way" ref="39805552" role=""/>
    <member type="way" ref="319607576" role=""/>
    <member type="way" ref="319607568" role=""/>
    <member type="way" ref="75713228" role=""/>
    <member type="way" ref="75713223" role=""/>
    <member type="way" ref="1118879373" role=""/>
    <member type="way" ref="1118879374" role=""/>
    <member type="way" ref="258165688" role=""/>
    <member type="way" ref="258165697" role=""/>
    <member type="way" ref="316676245" role=""/>
    <member type="way" ref="238114159" role=""/>
    <member type="way" ref="238114152" role=""/>
    <member type="way" ref="238114149" role=""/>
    <member type="way" ref="39805549" role=""/>
    <member type="way" ref="498358469" role=""/>
    <member type="way" ref="498358468" role=""/>
    <member type="way" ref="39805547" role=""/>
    <member type="way" ref="238114158" role=""/>
    <member type="way" ref="238114165" role=""/>
    <member type="way" ref="238114151" role=""/>
    <member type="way" ref="238114150" role=""/>
    <member type="way" ref="1113305194" role=""/>
    <member type="way" ref="1113305193" role=""/>
    <member type="way" ref="27261430" role=""/>
    <member type="way" ref="821833313" role=""/>
    <member type="way" ref="44716203" role=""/>
    <member type="way" ref="1364713988" role=""/>
    <member type="way" ref="1364713989" role=""/>
    <member type="way" ref="44716204" role=""/>
    <member type="way" ref="1119771332" role=""/>
    <member type="way" ref="316671876" role=""/>
    <member type="way" ref="1317860118" role=""/>
    <member type="way" ref="1119771333" role=""/>
    <member type="way" ref="316671883" role=""/>
    <member type="way" ref="316671894" role=""/>
    <member type="way" ref="1092257601" role=""/>
    <member type="way" ref="384630535" role=""/>
    <member type="way" ref="316671881" role=""/>
    <member type="way" ref="384630533" role=""/>
    <member type="way" ref="1278431934" role=""/>
    <member type="way" ref="1278433451" role=""/>
    <member type="way" ref="1278431936" role=""/>
    <member type="way" ref="316671884" role=""/>
    <member type="way" ref="316673083" role=""/>
    <member type="way" ref="316671882" role=""/>
    <member type="way" ref="316671888" role=""/>
    <member type="way" ref="968840735" role=""/>
    <member type="way" ref="44797580" role=""/>
    <member type="way" ref="1328981892" role=""/>
    <member type="way" ref="1328981891" role=""/>
    <member type="way" ref="1317835049" role=""/>
    <member type="way" ref="627347547" role=""/>
    <member type="way" ref="1317835047" role=""/>
    <member type="way" ref="627347546" role=""/>
    <member type="way" ref="316671877" role=""/>
    <member type="way" ref="1120032079" role=""/>
    <member type="way" ref="1317834164" role=""/>
    <member type="way" ref="1120032081" role=""/>
    <member type="way" ref="1317834167" role=""/>
    <member type="way" ref="316671885" role=""/>
    <member type="way" ref="1317833635" role=""/>
    <member type="way" ref="316671899" role=""/>
    <member type="way" ref="1317833633" role=""/>
    <member type="way" ref="1308573133" role=""/>
    <member type="way" ref="1317831074" role=""/>
    <member type="way" ref="1308573131" role=""/>
    <member type="way" ref="1317831071" role=""/>
    <member type="way" ref="316671892" role=""/>
    <member type="way" ref="316671897" role=""/>
    <member type="way" ref="237283231" role=""/>
    <member type="way" ref="237283232" role=""/>
    <member type="way" ref="1279073994" role=""/>
    <member type="way" ref="1279073995" role=""/>
    <member type="way" ref="61866846" role=""/>
    <member type="way" ref="237283230" role=""/>
    <member type="way" ref="237283233" role=""/>
    <member type="way" ref="1194002499" role=""/>
    <member type="way" ref="237283234" role=""/>
    <member type="way" ref="1255775263" role=""/>
    <member type="way" ref="228423337" role=""/>
    <member type="way" ref="228423397" role=""/>
    <member type="way" ref="1285903927" role=""/>
    <member type="way" ref="228423211" role=""/>
    <member type="way" ref="1285903923" role=""/>
    <member type="way" ref="1285903924" role=""/>
    <member type="way" ref="1285903928" role=""/>
    <member type="way" ref="1285898972" role=""/>
    <member type="way" ref="1285898973" role=""/>
    <member type="way" ref="1285898975" role=""/>
    <member type="way" ref="1285898974" role=""/>
    <member type="way" ref="228423420" role=""/>
    <member type="way" ref="1285893075" role=""/>
    <member type="way" ref="1285893077" role=""/>
    <member type="way" ref="1285893076" role=""/>
    <member type="way" ref="1285893074" role=""/>
    <member type="way" ref="260851310" role=""/>
    <member type="way" ref="1314601798" role=""/>
    <member type="way" ref="1285883652" role=""/>
    <member type="way" ref="1285886698" role=""/>
    <member type="way" ref="1285886696" role=""/>
    <member type="way" ref="1285886697" role=""/>
    <member type="way" ref="773021980" role=""/>
    <member type="way" ref="1285886695" role=""/>
    <member type="way" ref="31265166" role=""/>
    <member type="way" ref="31265168" role=""/>
    <member type="way" ref="31265170" role=""/>
    <member type="way" ref="31265172" role=""/>
    <member type="way" ref="31265176" role=""/>
    <member type="way" ref="1096746331" role=""/>
    <member type="way" ref="1096746332" role=""/>
    <member type="way" ref="31265173" role=""/>
    <member type="way" ref="228423248" role=""/>
    <member type="way" ref="228423217" role=""/>
    <member type="way" ref="228423314" role=""/>
    <member type="way" ref="228423424" role=""/>
    <member type="way" ref="228423226" role=""/>
    <member type="way" ref="228423455" role=""/>
    <member type="way" ref="228423281" role=""/>
    <member type="way" ref="228423407" role=""/>
    <member type="way" ref="228423256" role=""/>
    <member type="way" ref="228423431" role=""/>
    <member type="way" ref="608146120" role=""/>
    <member type="way" ref="608146118" role=""/>
    <member type="way" ref="228423278" role=""/>
    <member type="way" ref="228423422" role=""/>
    <member type="way" ref="258847003" role=""/>
    <member type="way" ref="258847006" role=""/>
    <member type="way" ref="259780793" role=""/>
    <member type="way" ref="259780796" role=""/>
    <member type="way" ref="228423275" role=""/>
    <member type="way" ref="228423436" role=""/>
    <member type="way" ref="228423222" role=""/>
    <member type="way" ref="1094077043" role=""/>
    <member type="way" ref="1094077044" role=""/>
    <member type="way" ref="228423447" role=""/>
    <member type="way" ref="1281109163" role=""/>
    <member type="way" ref="1281109162" role=""/>
    <member type="way" ref="228423220" role=""/>
    <member type="way" ref="1281087553" role=""/>
    <member type="way" ref="1281087554" role=""/>
    <member type="way" ref="1281083422" role=""/>
    <member type="way" ref="1099986104" role=""/>
    <member type="way" ref="1285625804" role=""/>
    <member type="way" ref="1099986105" role=""/>
    <member type="way" ref="1285625802" role=""/>
    <member type="way" ref="1285619441" role=""/>
    <member type="way" ref="228423351" role=""/>
    <member type="way" ref="1285619439" role=""/>
    <member type="way" ref="228423210" role=""/>
    <member type="way" ref="228423380" role=""/>
    <member type="way" ref="228423205" role=""/>
    <member type="way" ref="1274028497" role=""/>
    <member type="way" ref="1274028498" role=""/>
    <member type="way" ref="1272668836" role=""/>
    <member type="way" ref="228423300" role=""/>
    <member type="way" ref="1187218043" role=""/>
    <member type="way" ref="1272651617" role=""/>
    <member type="way" ref="1272651615" role=""/>
    <member type="way" ref="1272998164" role=""/>
    <member type="way" ref="1272998165" role=""/>
    <member type="way" ref="1069829960" role=""/>
    <member type="way" ref="1207879789" role=""/>
    <member type="way" ref="1207879788" role=""/>
    <member type="way" ref="1069829959" role=""/>
    <member type="way" ref="1069829952" role=""/>
    <member type="way" ref="1069829951" role=""/>
    <member type="way" ref="1201632475" role=""/>
    <member type="way" ref="1201632477" role=""/>
    <member type="way" ref="1281170634" role=""/>
    <member type="way" ref="1271945723" role=""/>
    <member type="way" ref="1271945724" role=""/>
    <member type="way" ref="228423445" role=""/>
    <member type="way" ref="1272650332" role=""/>
    <member type="way" ref="1272650331" role=""/>
    <member type="way" ref="1078950286" role=""/>
    <member type="way" ref="1078950284" role=""/>
    <member type="way" ref="228423332" role=""/>
    <member type="way" ref="1285558660" role=""/>
    <member type="way" ref="1285558662" role=""/>
    <member type="way" ref="1078965552" role=""/>
    <member type="way" ref="1078965560" role=""/>
    <member type="way" ref="1078965558" role=""/>
    <member type="way" ref="1078965557" role=""/>
    <member type="way" ref="1078965554" role=""/>
    <member type="way" ref="1078965553" role=""/>
    <member type="way" ref="1285481911" role=""/>
    <member type="way" ref="1285481904" role=""/>
    <member type="way" ref="1285511921" role=""/>
    <member type="way" ref="1285511923" role=""/>
    <member type="way" ref="1285522631" role=""/>
    <member type="way" ref="1285525349" role=""/>
    <member type="way" ref="78331471" role=""/>
    <member type="way" ref="625482866" role=""/>
    <member type="way" ref="625482870" role=""/>
    <member type="way" ref="1274032654" role=""/>
    <member type="way" ref="1274032653" role=""/>
    <member type="way" ref="1125550298" role=""/>
    <member type="way" ref="1311977376" role=""/>
    <member type="way" ref="1183847106" role=""/>
    <member type="way" ref="1125550297" role=""/>
    <member type="way" ref="1272664353" role=""/>
    <member type="way" ref="1244884282" role=""/>
    <member type="way" ref="1183847110" role=""/>
    <member type="way" ref="981547000" role=""/>
    <member type="way" ref="981546999" role=""/>
    <member type="way" ref="1272663267" role=""/>
    <member type="way" ref="981546998" role=""/>
    <member type="way" ref="843178841" role=""/>
    <member type="way" ref="1272663265" role=""/>
    <member type="way" ref="1272661852" role=""/>
    <member type="way" ref="1272661853" role=""/>
    <member type="way" ref="1341789496" role=""/>
    <member type="way" ref="1271411347" role=""/>
    <member type="way" ref="78331469" role=""/>
    <member type="way" ref="1271411349" role=""/>
    <member type="way" ref="1271957905" role=""/>
    <member type="way" ref="1271957903" role=""/>
    <member type="way" ref="78331501" role=""/>
    <member type="way" ref="78331464" role=""/>
    <member type="way" ref="1268930377" role=""/>
    <member type="way" ref="1268930378" role=""/>
    <member type="way" ref="1274043084" role=""/>
    <member type="way" ref="1274043085" role=""/>
    <member type="way" ref="77629904" role=""/>
    <member type="way" ref="1067482154" role=""/>
    <member type="way" ref="1067482153" role=""/>
    <member type="way" ref="77629936" role=""/>
    <member type="way" ref="293091497" role=""/>
    <member type="way" ref="1312019469" role=""/>
    <member type="way" ref="77629912" role=""/>
    <member type="way" ref="395885045" role=""/>
    <member type="way" ref="77629955" role=""/>
    <member type="way" ref="776892933" role=""/>
    <member type="way" ref="1272699861" role=""/>
    <member type="way" ref="502428942" role=""/>
    <member type="way" ref="1312010667" role=""/>
    <member type="way" ref="1312010663" role=""/>
    <member type="way" ref="519440488" role=""/>
    <member type="way" ref="1312010665" role=""/>
    <member type="way" ref="1312010666" role=""/>
    <member type="way" ref="519440485" role=""/>
    <member type="way" ref="1312003263" role=""/>
    <member type="way" ref="1312003261" role=""/>
    <member type="way" ref="519440490" role=""/>
    <member type="way" ref="1312003265" role=""/>
    <member type="way" ref="1312003266" role=""/>
    <member type="way" ref="502428936" role=""/>
    <member type="way" ref="1311999550" role=""/>
    <member type="way" ref="1272735119" role=""/>
    <member type="way" ref="519440486" role=""/>
    <member type="way" ref="1272735116" role=""/>
    <member type="way" ref="1311999549" role=""/>
    <member type="way" ref="77891272" role=""/>
    <member type="way" ref="1272738154" role=""/>
    <member type="way" ref="290137953" role=""/>
    <member type="way" ref="290137950" role=""/>
    <member type="way" ref="1013996166" role=""/>
    <member type="way" ref="776892934" role=""/>
    <member type="way" ref="619372063" role=""/>
    <member type="way" ref="619372064" role=""/>
    <member type="way" ref="202762524" role=""/>
    <member type="way" ref="619372066" role=""/>
    <member type="way" ref="679552314" role=""/>
    <member type="way" ref="5873630" role=""/>
    <member type="way" ref="1499142541" role=""/>
    <member type="way" ref="1499142542" role=""/>
    <member type="way" ref="395885023" role=""/>
    <member type="way" ref="297086687" role=""/>
    <member type="way" ref="1324343886" role=""/>
    <member type="way" ref="1313200457" role=""/>
    <member type="way" ref="175800219" role=""/>
    <member type="way" ref="1313200455" role=""/>
    <member type="way" ref="175800226" role=""/>
    <member type="way" ref="1313200454" role=""/>
    <member type="way" ref="1313200461" role=""/>
    <member type="way" ref="70220650" role=""/>
    <member type="way" ref="1070839797" role=""/>
    <member type="way" ref="1070839796" role=""/>
    <member type="way" ref="175800298" role=""/>
    <member type="way" ref="175803876" role=""/>
    <member type="way" ref="175769901" role=""/>
    <member type="way" ref="1313450498" role=""/>
    <member type="way" ref="614071991" role=""/>
    <member type="way" ref="614071994" role=""/>
    <member type="way" ref="125736543" role=""/>
    <member type="way" ref="614071992" role=""/>
    <member type="way" ref="1313450497" role=""/>
    <member type="way" ref="125736544" role=""/>
    <member type="way" ref="733803586" role=""/>
    <member type="way" ref="70220654" role=""/>
    <member type="way" ref="70220647" role=""/>
    <member type="way" ref="1313447924" role=""/>
    <member type="way" ref="1313447929" role=""/>
    <member type="way" ref="70258948" role=""/>
    <member type="way" ref="1313465445" role=""/>
    <member type="way" ref="679512997" role=""/>
    <member type="way" ref="679512998" role=""/>
    <member type="way" ref="679512996" role=""/>
    <member type="way" ref="679512999" role=""/>
    <member type="way" ref="395885024" role=""/>
    <member type="way" ref="1313455080" role=""/>
    <member type="way" ref="70258966" role=""/>
    <member type="way" ref="555197202" role=""/>
    <member type="way" ref="77349489" role=""/>
    <member type="way" ref="77349483" role=""/>
    <member type="way" ref="170767287" role=""/>
    <member type="way" ref="44317051" role=""/>
    <member type="way" ref="44317048" role=""/>
    <member type="way" ref="37683065" role=""/>
    <member type="way" ref="76849167" role=""/>
    <member type="way" ref="980796468" role=""/>
    <member type="way" ref="76849306" role=""/>
    <member type="way" ref="71435185" role=""/>
    <member type="way" ref="71435173" role=""/>
    <member type="way" ref="176496272" role=""/>
    <member type="way" ref="395885009" role=""/>
    <member type="way" ref="28208872" role=""/>
    <member type="way" ref="71859728" role=""/>
    <member type="way" ref="66206351" role=""/>
    <member type="way" ref="753900884" role=""/>
    <member type="way" ref="65477979" role=""/>
    <member type="way" ref="649196339" role=""/>
    <member type="way" ref="649196340" role=""/>
    <member type="way" ref="65477958" role=""/>
    <member type="way" ref="65477952" role=""/>
    <member type="way" ref="65477974" role=""/>
    <member type="way" ref="65477968" role=""/>
    <member type="way" ref="65477950" role=""/>
    <member type="way" ref="65473938" role=""/>
    <member type="way" ref="86627017" role=""/>
    <member type="way" ref="63595507" role=""/>
    <member type="way" ref="63595367" role=""/>
    <member type="way" ref="395885016" role=""/>
    <member type="way" ref="169228553" role=""/>
    <member type="way" ref="169228540" role=""/>
    <member type="way" ref="169228545" role=""/>
    <member type="way" ref="169623962" role=""/>
    <member type="way" ref="169624049" role=""/>
    <member type="way" ref="169228543" role=""/>
    <member type="way" ref="169228548" role=""/>
    <member type="way" ref="169624183" role=""/>
    <member type="way" ref="169624033" role=""/>
    <member type="way" ref="169624280" role=""/>
    <member type="way" ref="169624127" role=""/>
    <member type="way" ref="169624199" role=""/>
    <member type="way" ref="169623994" role=""/>
    <member type="way" ref="169624245" role=""/>
    <member type="way" ref="169624138" role=""/>
    <member type="way" ref="169624216" role=""/>
    <member type="way" ref="169624039" role=""/>
    <member type="way" ref="169624215" role=""/>
    <member type="way" ref="169624103" role=""/>
    <member type="way" ref="169624178" role=""/>
    <member type="way" ref="169624029" role=""/>
    <member type="way" ref="169624129" role=""/>
    <member type="way" ref="169624058" role=""/>
    <member type="way" ref="87188879" role=""/>
    <member type="way" ref="169228550" role=""/>
    <member type="way" ref="169624210" role=""/>
    <member type="way" ref="169624132" role=""/>
    <member type="way" ref="169624200" role=""/>
    <member type="way" ref="169624152" role=""/>
    <member type="way" ref="169624194" role=""/>
    <member type="way" ref="169624008" role=""/>
    <member type="way" ref="169624182" role=""/>
    <member type="way" ref="169624126" role=""/>
    <member type="way" ref="169624181" role=""/>
    <member type="way" ref="169624096" role=""/>
    <member type="way" ref="169624174" role=""/>
    <member type="way" ref="465476557" role=""/>
    <member type="way" ref="465476558" role=""/>
    <member type="way" ref="465476562" role=""/>
    <member type="way" ref="465476561" role=""/>
    <member type="way" ref="465476568" role=""/>
    <member type="way" ref="465476567" role=""/>
    <member type="way" ref="169624064" role=""/>
    <member type="way" ref="169624225" role=""/>
    <member type="way" ref="169624123" role=""/>
    <member type="way" ref="169624238" role=""/>
    <member type="way" ref="169624133" role=""/>
    <member type="way" ref="169624279" role=""/>
    <member type="way" ref="169624118" role=""/>
    <member type="way" ref="169624176" role=""/>
    <member type="way" ref="169624032" role=""/>
    <member type="way" ref="169624196" role=""/>
    <member type="way" ref="169624066" role=""/>
    <member type="way" ref="169624287" role=""/>
    <member type="way" ref="169624146" role=""/>
    <member type="way" ref="169624294" role=""/>
    <member type="way" ref="169624045" role=""/>
    <member type="way" ref="169624252" role=""/>
    <member type="way" ref="169624011" role=""/>
    <member type="way" ref="169624283" role=""/>
    <member type="way" ref="169624070" role=""/>
    <member type="way" ref="169624166" role=""/>
    <member type="way" ref="169623982" role=""/>
    <member type="way" ref="169624284" role=""/>
    <member type="way" ref="169624108" role=""/>
    <member type="way" ref="169624170" role=""/>
    <member type="way" ref="169624054" role=""/>
    <member type="way" ref="169624191" role=""/>
    <member type="way" ref="169624007" role=""/>
    <member type="way" ref="169624223" role=""/>
    <member type="way" ref="169624019" role=""/>
    <member type="way" ref="169624206" role=""/>
    <member type="way" ref="169624044" role=""/>
    <member type="way" ref="169624175" role=""/>
    <member type="way" ref="169624003" role=""/>
    <member type="way" ref="169624014" role=""/>
    <member type="way" ref="169624021" role=""/>
    <member type="way" ref="169624167" role=""/>
    <member type="way" ref="169623989" role=""/>
    <member type="way" ref="193932432" role=""/>
    <member type="way" ref="223468504" role=""/>
    <member type="way" ref="674527497" role=""/>
    <member type="way" ref="674527498" role=""/>
    <member type="way" ref="223468501" role=""/>
    <member type="way" ref="378231959" role=""/>
    <member type="way" ref="772753722" role=""/>
    <member type="way" ref="772753721" role=""/>
    <member type="way" ref="1287678366" role=""/>
    <member type="way" ref="1027260520" role=""/>
    <member type="way" ref="1448154746" role=""/>
    <member type="way" ref="1448154747" role=""/>
    <member type="way" ref="1027260521" role=""/>
    <member type="way" ref="118246707" role=""/>
    <member type="way" ref="118246677" role=""/>
    <member type="way" ref="118246705" role=""/>
    <member type="way" ref="1254519637" role=""/>
    <member type="way" ref="1254519638" role=""/>
    <member type="way" ref="118246676" role=""/>
    <member type="way" ref="118246688" role=""/>
    <member type="way" ref="118246755" role=""/>
    <member type="way" ref="118246689" role=""/>
    <member type="way" ref="118246672" role=""/>
    <member type="way" ref="118246690" role=""/>
    <member type="way" ref="1447777202" role=""/>
    <member type="way" ref="118246715" role=""/>
    <member type="way" ref="118246724" role=""/>
    <member type="way" ref="118246762" role=""/>
    <member type="way" ref="118246701" role=""/>
    <member type="way" ref="118246683" role=""/>
    <member type="way" ref="118246732" role=""/>
    <member type="way" ref="118246751" role=""/>
    <member type="way" ref="118246699" role=""/>
    <member type="way" ref="118246750" role=""/>
    <member type="way" ref="1027254993" role=""/>
    <member type="way" ref="1027254989" role=""/>
    <member type="way" ref="1027254990" role=""/>
    <member type="way" ref="1027254994" role=""/>
    <member type="way" ref="1043686549" role=""/>
    <member type="way" ref="1043686550" role=""/>
    <member type="way" ref="317881016" role=""/>
    <member type="way" ref="317881015" role=""/>
    <member type="way" ref="1027077362" role=""/>
    <member type="way" ref="1046066753" role=""/>
    <member type="way" ref="1046066754" role=""/>
    <member type="way" ref="1027077363" role=""/>
    <member type="way" ref="118246737" role=""/>
    <member type="way" ref="118246682" role=""/>
    <member type="way" ref="118246727" role=""/>
    <member type="way" ref="118246748" role=""/>
    <member type="way" ref="118246719" role=""/>
    <member type="way" ref="118246767" role=""/>
    <member type="way" ref="118246710" role=""/>
    <member type="way" ref="118246678" role=""/>
    <member type="way" ref="118246698" role=""/>
    <member type="way" ref="118246746" role=""/>
    <member type="way" ref="118246706" role=""/>
    <member type="way" ref="118246753" role=""/>
    <member type="way" ref="118246686" role=""/>
    <member type="way" ref="118246673" role=""/>
    <member type="way" ref="118246722" role=""/>
    <member type="way" ref="118246769" role=""/>
    <member type="way" ref="118246713" role=""/>
    <member type="way" ref="327779445" role=""/>
    <member type="way" ref="1027058519" role=""/>
    <member type="way" ref="1027058515" role=""/>
    <member type="way" ref="1027058516" role=""/>
    <member type="way" ref="1027058520" role=""/>
    <member type="way" ref="118246740" role=""/>
    <member type="way" ref="118246742" role=""/>
    <member type="way" ref="118246667" role=""/>
    <member type="way" ref="118246731" role=""/>
    <member type="way" ref="1027058526" role=""/>
    <member type="way" ref="1455432248" role=""/>
    <member type="way" ref="1455432247" role=""/>
    <member type="way" ref="1455169239" role=""/>
    <member type="way" ref="1459214422" role=""/>
    <member type="way" ref="1459214423" role=""/>
    <member type="way" ref="1455169238" role=""/>
    <member type="way" ref="1455169231" role=""/>
    <member type="way" ref="1455169230" role=""/>
    <member type="way" ref="1027058523" role=""/>
    <member type="way" ref="1459219358" role=""/>
    <member type="way" ref="1459254131" role=""/>
    <member type="way" ref="1459254130" role=""/>
    <member type="way" ref="1459219359" role=""/>
    <member type="way" ref="1459222993" role=""/>
    <member type="way" ref="1459222994" role=""/>
    <member type="way" ref="1459225418" role=""/>
    <member type="way" ref="1459225419" role=""/>
    <member type="way" ref="1459222998" role=""/>
    <member type="way" ref="1459222999" role=""/>
    <member type="way" ref="118246759" role=""/>
    <member type="way" ref="118246691" role=""/>
    <member type="way" ref="118246736" role=""/>
    <member type="way" ref="1459263932" role=""/>
    <member type="way" ref="1459263931" role=""/>
    <member type="way" ref="1049837181" role=""/>
    <member type="way" ref="1049837179" role=""/>
    <member type="way" ref="118246745" role=""/>
    <member type="way" ref="118246695" role=""/>
    <member type="way" ref="327779446" role=""/>
    <member type="way" ref="369941499" role=""/>
    <member type="way" ref="369941498" role=""/>
    <member type="way" ref="327853179" role=""/>
    <member type="way" ref="118246766" role=""/>
    <member type="way" ref="826029428" role=""/>
    <member type="way" ref="826029429" role=""/>
    <member type="way" ref="1393513675" role=""/>
    <member type="way" ref="826029427" role=""/>
    <member type="way" ref="826029426" role=""/>
    <member type="way" ref="826029422" role=""/>
    <member type="way" ref="1296813301" role=""/>
    <member type="way" ref="1296813297" role=""/>
    <member type="way" ref="1296813298" role=""/>
    <member type="way" ref="1026652674" role=""/>
    <member type="way" ref="826029420" role=""/>
    <member type="way" ref="826029411" role=""/>
    <member type="way" ref="1296813295" role=""/>
    <member type="way" ref="826029410" role=""/>
    <member type="way" ref="637624087" role=""/>
    <member type="way" ref="637624086" role=""/>
    <member type="way" ref="118227989" role=""/>
    <member type="way" ref="1062109215" role=""/>
    <member type="way" ref="1321791242" role=""/>
    <member type="way" ref="1321791240" role=""/>
    <member type="way" ref="1321791241" role=""/>
    <member type="way" ref="1321791239" role=""/>
    <member type="way" ref="118227995" role=""/>
    <member type="way" ref="1321790299" role=""/>
    <member type="way" ref="1096960586" role=""/>
    <member type="way" ref="1321791574" role=""/>
    <member type="way" ref="118394502" role=""/>
    <member type="way" ref="1321791576" role=""/>
    <member type="way" ref="1096960583" role=""/>
    <member type="way" ref="118394500" role=""/>
    <member type="way" ref="761389097" role=""/>
    <member type="way" ref="1320907965" role=""/>
    <member type="way" ref="761389098" role=""/>
    <member type="way" ref="761389095" role=""/>
    <member type="way" ref="1320907964" role=""/>
    <member type="way" ref="637624092" role=""/>
    <member type="way" ref="1294744751" role=""/>
    <member type="way" ref="1221709537" role=""/>
    <member type="way" ref="637624090" role=""/>
    <member type="way" ref="118228010" role=""/>
    <member type="way" ref="1106343997" role=""/>
    <member type="way" ref="1106343273" role=""/>
    <member type="way" ref="1106343996" role=""/>
    <member type="way" ref="1106343274" role=""/>
    <member type="way" ref="1106343266" role=""/>
    <member type="way" ref="118227994" role=""/>
    <member type="way" ref="118228008" role=""/>
    <member type="way" ref="118227992" role=""/>
    <member type="way" ref="166301677" role=""/>
    <member type="way" ref="166301666" role=""/>
    <member type="way" ref="238572564" role=""/>
    <member type="way" ref="1292556666" role=""/>
    <member type="way" ref="238572562" role=""/>
    <member type="way" ref="1292556667" role=""/>
    <member type="way" ref="118228016" role=""/>
    <member type="way" ref="1023281491" role=""/>
    <member type="way" ref="1023281492" role=""/>
    <member type="way" ref="1023281485" role=""/>
    <member type="way" ref="1023281486" role=""/>
    <member type="way" ref="1023281480" role=""/>
    <member type="way" ref="1023281481" role=""/>
    <member type="way" ref="1023281474" role=""/>
    <member type="way" ref="1023281475" role=""/>
    <member type="way" ref="118227979" role=""/>
    <member type="way" ref="375613098" role=""/>
    <member type="way" ref="375613095" role=""/>
    <member type="way" ref="118227984" role=""/>
    <member type="way" ref="1319822394" role=""/>
    <member type="way" ref="1319822393" role=""/>
    <member type="way" ref="1298768423" role=""/>
    <member type="way" ref="1319822389" role=""/>
    <member type="way" ref="1319822391" role=""/>
    <member type="way" ref="1298768422" role=""/>
    <member type="way" ref="118227978" role=""/>
    <member type="way" ref="118227982" role=""/>
    <member type="way" ref="118227981" role=""/>
    <member type="way" ref="118227975" role=""/>
    <member type="way" ref="118227980" role=""/>
    <member type="way" ref="1327797315" role=""/>
    <member type="way" ref="1327797317" role=""/>
    <member type="way" ref="206020074" role=""/>
    <member type="way" ref="1025310842" role=""/>
    <member type="way" ref="1025310843" role=""/>
    <member type="way" ref="118228005" role=""/>
    <member type="way" ref="387687853" role=""/>
    <member type="way" ref="1025310844" role=""/>
    <member type="way" ref="1025310845" role=""/>
    <member type="way" ref="1025302567" role=""/>
    <member type="way" ref="1025302568" role=""/>
    <member type="way" ref="118228015" role=""/>
    <member type="way" ref="118227997" role=""/>
    <member type="way" ref="1023138497" role=""/>
    <member type="way" ref="1023138498" role=""/>
    <member type="way" ref="1023130392" role=""/>
    <member type="way" ref="1023130393" role=""/>
    <member type="way" ref="1023130396" role=""/>
    <member type="way" ref="1023130397" role=""/>
    <member type="way" ref="118227990" role=""/>
    <member type="way" ref="1007095339" role=""/>
    <member type="way" ref="1007095341" role=""/>
    <member type="way" ref="1007095340" role=""/>
    <member type="way" ref="1007095329" role=""/>
    <member type="way" ref="1007122591" role=""/>
    <member type="way" ref="1351756848" role=""/>
    <member type="way" ref="1351756849" role=""/>
    <member type="way" ref="1007122615" role=""/>
    <member type="way" ref="1007122592" role=""/>
    <member type="way" ref="1007095287" role=""/>
    <member type="way" ref="1007095295" role=""/>
    <member type="way" ref="1007095328" role=""/>
    <member type="way" ref="1007095302" role=""/>
    <member type="way" ref="1007095299" role=""/>
    <member type="way" ref="1007095298" role=""/>
    <member type="way" ref="1007095297" role=""/>
    <member type="way" ref="1007095301" role=""/>
    <member type="way" ref="1007095296" role=""/>
    <member type="way" ref="1007095300" role=""/>
    <member type="way" ref="1007095316" role=""/>
    <member type="way" ref="1007095325" role=""/>
    <member type="way" ref="1007095305" role=""/>
    <member type="way" ref="1007095309" role=""/>
    <member type="way" ref="1007095324" role=""/>
    <member type="way" ref="118228013" role=""/>
    <member type="way" ref="1239424693" role=""/>
    <member type="way" ref="1007122540" role=""/>
    <member type="way" ref="1007122541" role=""/>
    <member type="way" ref="1007122392" role=""/>
    <member type="way" ref="1007122379" role=""/>
    <member type="way" ref="1007122391" role=""/>
    <member type="way" ref="1007122385" role=""/>
    <member type="way" ref="1007122530" role=""/>
    <member type="way" ref="1007122370" role=""/>
    <member type="way" ref="1007122377" role=""/>
    <member type="way" ref="1007122529" role=""/>
    <member type="way" ref="1007122526" role=""/>
    <member type="way" ref="1007122525" role=""/>
    <member type="way" ref="1007122521" role=""/>
    <member type="way" ref="1007122524" role=""/>
    <member type="way" ref="1007122378" role=""/>
    <member type="way" ref="1007122373" role=""/>
    <member type="way" ref="1007122374" role=""/>
    <member type="way" ref="1007122375" role=""/>
    <member type="way" ref="1007122376" role=""/>
    <member type="way" ref="1007122371" role=""/>
    <member type="way" ref="1007122372" role=""/>
    <member type="way" ref="1007122517" role=""/>
    <member type="way" ref="278664416" role=""/>
    <member type="way" ref="1007122464" role=""/>
    <member type="way" ref="1007122470" role=""/>
    <member type="way" ref="1007122476" role=""/>
    <member type="way" ref="1007122463" role=""/>
    <member type="way" ref="1007122477" role=""/>
    <member type="way" ref="1007122479" role=""/>
    <member type="way" ref="1007122469" role=""/>
    <member type="way" ref="1007122482" role=""/>
    <member type="way" ref="1007122485" role=""/>
    <member type="way" ref="1007122486" role=""/>
    <member type="way" ref="637620648" role=""/>
    <member type="way" ref="1007122514" role=""/>
    <member type="way" ref="1007122446" role=""/>
    <member type="way" ref="1007122487" role=""/>
    <member type="way" ref="1007122491" role=""/>
    <member type="way" ref="1007122493" role=""/>
    <member type="way" ref="1007122452" role=""/>
    <member type="way" ref="1007122494" role=""/>
    <member type="way" ref="1007122507" role=""/>
    <member type="way" ref="1007122502" role=""/>
    <member type="way" ref="1007122498" role=""/>
    <member type="way" ref="1007122501" role=""/>
    <member type="way" ref="637620650" role=""/>
    <member type="way" ref="1007122505" role=""/>
    <member type="way" ref="1007122506" role=""/>
    <member type="way" ref="637620654" role=""/>
    <member type="way" ref="1007122404" role=""/>
    <member type="way" ref="1007122430" role=""/>
    <member type="way" ref="1007122429" role=""/>
    <member type="way" ref="1007122407" role=""/>
    <member type="way" ref="637620655" role=""/>
    <member type="way" ref="278664412" role=""/>
    <member type="way" ref="218348057" role=""/>
    <member type="way" ref="1313435144" role=""/>
    <member type="way" ref="1313435143" role=""/>
    <member type="way" ref="218348065" role=""/>
    <member type="way" ref="218348071" role=""/>
    <member type="way" ref="218348060" role=""/>
    <member type="way" ref="218348070" role=""/>
    <member type="way" ref="257812075" role=""/>
    <member type="way" ref="257812079" role=""/>
    <member type="way" ref="218348062" role=""/>
    <member type="way" ref="116344436" role=""/>
    <member type="way" ref="116344432" role=""/>
    <member type="way" ref="116344420" role=""/>
    <member type="way" ref="116344430" role=""/>
    <member type="way" ref="116344442" role=""/>
    <member type="way" ref="116344428" role=""/>
    <member type="way" ref="116344438" role=""/>
    <member type="way" ref="116344431" role=""/>
    <member type="way" ref="218348069" role=""/>
    <member type="way" ref="1239424689" role=""/>
    <member type="way" ref="1464346822" role=""/>
    <member type="way" ref="1464346823" role=""/>
    <member type="way" ref="1007122471" role=""/>
    <member type="way" ref="1007122468" role=""/>
    <member type="way" ref="1007122457" role=""/>
    <member type="way" ref="1007122456" role=""/>
    <member type="way" ref="1007122458" role=""/>
    <member type="way" ref="1007122406" role=""/>
    <member type="way" ref="1007122420" role=""/>
    <member type="way" ref="1007122396" role=""/>
    <member type="way" ref="1028738562" role=""/>
    <member type="way" ref="1028738563" role=""/>
    <member type="way" ref="985702805" role=""/>
    <member type="way" ref="985702804" role=""/>
    <member type="way" ref="981227627" role=""/>
    <member type="way" ref="981227626" role=""/>
    <member type="way" ref="981227632" role=""/>
    <member type="way" ref="981227629" role=""/>
    <member type="way" ref="981227628" role=""/>
    <member type="way" ref="981230106" role=""/>
    <member type="way" ref="981230105" role=""/>
    <member type="way" ref="218348055" role=""/>
    <member type="way" ref="571469251" role=""/>
    <member type="way" ref="571469255" role=""/>
    <member type="way" ref="218348063" role=""/>
    <member type="way" ref="218348053" role=""/>
    <member type="way" ref="218348066" role=""/>
    <member type="way" ref="116168441" role=""/>
    <member type="way" ref="981184213" role=""/>
    <member type="way" ref="985568333" role=""/>
    <member type="way" ref="985568332" role=""/>
    <member type="way" ref="981184212" role=""/>
    <member type="way" ref="1355343828" role=""/>
    <member type="way" ref="1355343826" role=""/>
    <member type="way" ref="1355343824" role=""/>
    <member type="way" ref="982708934" role=""/>
    <member type="way" ref="982708935" role=""/>
    <member type="way" ref="116168443" role=""/>
    <member type="way" ref="571469282" role=""/>
    <member type="way" ref="571469278" role=""/>
    <member type="way" ref="116168445" role=""/>
    <member type="way" ref="116168446" role=""/>
    <member type="way" ref="116168449" role=""/>
    <member type="way" ref="206159203" role=""/>
    <member type="way" ref="206159193" role=""/>
    <member type="way" ref="206159202" role=""/>
    <member type="way" ref="206159191" role=""/>
    <member type="way" ref="206159198" role=""/>
    <member type="way" ref="993252910" role=""/>
    <member type="way" ref="993252909" role=""/>
    <member type="way" ref="993252914" role=""/>
    <member type="way" ref="993252913" role=""/>
    <member type="way" ref="96232985" role=""/>
    <member type="way" ref="206159207" role=""/>
    <member type="way" ref="206159208" role=""/>
    <member type="way" ref="96294037" role=""/>
    <member type="way" ref="96294084" role=""/>
    <member type="way" ref="96294039" role=""/>
    <member type="way" ref="96294025" role=""/>
    <member type="way" ref="96294065" role=""/>
    <member type="way" ref="96294029" role=""/>
    <member type="way" ref="96294028" role=""/>
    <member type="way" ref="96294018" role=""/>
    <member type="way" ref="96294047" role=""/>
    <member type="way" ref="96294086" role=""/>
    <member type="way" ref="1357700118" role=""/>
    <member type="way" ref="1357700116" role=""/>
    <member type="way" ref="96294014" role=""/>
    <member type="way" ref="96294063" role=""/>
    <member type="way" ref="96294093" role=""/>
    <member type="way" ref="96294017" role=""/>
    <member type="way" ref="96232915" role=""/>
    <member type="way" ref="96232847" role=""/>
    <member type="way" ref="96232711" role=""/>
    <member type="way" ref="96232982" role=""/>
    <member type="way" ref="96233058" role=""/>
    <member type="way" ref="96232723" role=""/>
    <member type="way" ref="258673901" role=""/>
    <member type="way" ref="96233061" role=""/>
    <member type="way" ref="96232926" role=""/>
    <member type="way" ref="258673902" role=""/>
    <member type="way" ref="988538910" role=""/>
    <member type="way" ref="988538909" role=""/>
    <member type="way" ref="206020066" role=""/>
    <member type="way" ref="96115472" role=""/>
    <member type="way" ref="988570811" role=""/>
    <member type="way" ref="996647720" role=""/>
    <member type="way" ref="996647719" role=""/>
    <member type="way" ref="988570810" role=""/>
    <member type="way" ref="987595585" role=""/>
    <member type="way" ref="987599832" role=""/>
    <member type="way" ref="987599831" role=""/>
    <member type="way" ref="987595586" role=""/>
    <member type="way" ref="987264082" role=""/>
    <member type="way" ref="987264083" role=""/>
    <member type="way" ref="988571743" role=""/>
    <member type="way" ref="988571744" role=""/>
    <member type="way" ref="116135560" role=""/>
    <member type="way" ref="116135541" role=""/>
    <member type="way" ref="116135551" role=""/>
    <member type="way" ref="116135567" role=""/>
    <member type="way" ref="116135558" role=""/>
    <member type="way" ref="116135577" role=""/>
    <member type="way" ref="116135545" role=""/>
    <member type="way" ref="993622167" role=""/>
    <member type="way" ref="993622166" role=""/>
    <member type="way" ref="1021481075" role=""/>
    <member type="way" ref="116135586" role=""/>
    <member type="way" ref="116135584" role=""/>
    <member type="way" ref="166301673" role=""/>
    <member type="way" ref="166301661" role=""/>
    <member type="way" ref="166301658" role=""/>
    <member type="way" ref="166301662" role=""/>
    <member type="way" ref="166301660" role=""/>
    <member type="way" ref="166301668" role=""/>
    <member type="way" ref="166301675" role=""/>
    <member type="way" ref="988196892" role=""/>
    <member type="way" ref="988196893" role=""/>
    <member type="way" ref="166301671" role=""/>
    <member type="way" ref="988542631" role=""/>
    <member type="way" ref="988542630" role=""/>
    <member type="way" ref="166301672" role=""/>
    <member type="way" ref="96115495" role=""/>
    <member type="way" ref="571469315" role=""/>
    <member type="way" ref="571469303" role=""/>
    <member type="way" ref="96115488" role=""/>
    <member type="way" ref="827613589" role=""/>
    <member type="way" ref="827613588" role=""/>
    <member type="way" ref="96115418" role=""/>
    <member type="way" ref="96067957" role=""/>
    <member type="way" ref="96232732" role=""/>
    <member type="way" ref="96232952" role=""/>
    <member type="way" ref="827620310" role=""/>
    <member type="way" ref="827620309" role=""/>
    <member type="way" ref="96233051" role=""/>
    <member type="way" ref="96232899" role=""/>
    <member type="way" ref="96232717" role=""/>
    <member type="way" ref="96232775" role=""/>
    <member type="way" ref="96233071" role=""/>
    <member type="way" ref="1298059403" role=""/>
    <member type="way" ref="1298059405" role=""/>
    <member type="way" ref="96232844" role=""/>
    <member type="way" ref="96232813" role=""/>
    <member type="way" ref="96232998" role=""/>
    <member type="way" ref="96232959" role=""/>
    <member type="way" ref="96232698" role=""/>
    <member type="way" ref="96232996" role=""/>
    <member type="way" ref="96232836" role=""/>
    <member type="way" ref="96233068" role=""/>
    <member type="way" ref="96233032" role=""/>
    <member type="way" ref="96232832" role=""/>
    <member type="way" ref="96232948" role=""/>
    <member type="way" ref="96233008" role=""/>
    <member type="way" ref="96232909" role=""/>
    <member type="way" ref="96233005" role=""/>
    <member type="way" ref="96232861" role=""/>
    <member type="way" ref="96233020" role=""/>
    <member type="way" ref="96232970" role=""/>
    <member type="way" ref="96115408" role=""/>
    <member type="way" ref="96115507" role=""/>
    <member type="way" ref="96115492" role=""/>
    <member type="way" ref="96115464" role=""/>
    <member type="way" ref="96115456" role=""/>
    <member type="way" ref="96115459" role=""/>
    <member type="way" ref="96115485" role=""/>
    <member type="way" ref="96115514" role=""/>
    <member type="way" ref="96330870" role=""/>
    <member type="way" ref="96330846" role=""/>
    <member type="way" ref="206020067" role=""/>
    <member type="way" ref="206020077" role=""/>
    <member type="way" ref="206020070" role=""/>
    <member type="way" ref="206020075" role=""/>
    <member type="way" ref="762271855" role=""/>
    <member type="way" ref="762271854" role=""/>
    <member type="way" ref="206020073" role=""/>
    <member type="way" ref="849453381" role=""/>
    <member type="way" ref="908541091" role=""/>
    <member type="way" ref="908541086" role=""/>
    <member type="way" ref="908541087" role=""/>
    <member type="way" ref="908541090" role=""/>
    <member type="way" ref="26662253" role=""/>
    <member type="way" ref="1326382450" role=""/>
    <member type="way" ref="96067951" role=""/>
    <member type="way" ref="96067956" role=""/>
    <member type="way" ref="42778263" role=""/>
    <member type="way" ref="42778264" role=""/>
    <member type="way" ref="42777060" role=""/>
    <member type="way" ref="42777061" role=""/>
    <member type="way" ref="1298061841" role=""/>
    <member type="way" ref="42777066" role=""/>
    <member type="way" ref="42777067" role=""/>
    <member type="way" ref="1298061838" role=""/>
    <member type="way" ref="42777071" role=""/>
    <member type="way" ref="26662251" role=""/>
    <member type="way" ref="26662250" role=""/>
    <member type="way" ref="26662249" role=""/>
    <member type="way" ref="26659677" role=""/>
    <member type="way" ref="26659672" role=""/>
    <member type="way" ref="26659655" role=""/>
    <member type="way" ref="26659609" role=""/>
    <member type="way" ref="26687207" role=""/>
    <member type="way" ref="361582591" role=""/>
    <member type="way" ref="361582592" role=""/>
    <member type="way" ref="26687210" role=""/>
    <member type="way" ref="26839752" role=""/>
    <member type="way" ref="871709262" role=""/>
    <member type="way" ref="26685081" role=""/>
    <member type="way" ref="26684729" role=""/>
    <member type="way" ref="26762413" role=""/>
    <member type="way" ref="871709257" role=""/>
    <member type="way" ref="871709258" role=""/>
    <member type="way" ref="26684493" role=""/>
    <member type="way" ref="952857577" role=""/>
    <member type="way" ref="952857576" role=""/>
    <member type="way" ref="26684735" role=""/>
    <member type="way" ref="26684614" role=""/>
    <member type="way" ref="42776061" role=""/>
    <member type="way" ref="871709237" role=""/>
    <member type="way" ref="871709238" role=""/>
    <member type="way" ref="42776060" role=""/>
    <member type="way" ref="872717822" role=""/>
    <member type="way" ref="872717824" role=""/>
    <member type="way" ref="872717811" role=""/>
    <member type="way" ref="871724328" role=""/>
    <member type="way" ref="871724327" role=""/>
    <member type="way" ref="872717775" role=""/>
    <member type="way" ref="962549336" role=""/>
    <member type="way" ref="962549339" role=""/>
    <member type="way" ref="872717790" role=""/>
    <member type="way" ref="872717786" role=""/>
    <member type="way" ref="872717792" role=""/>
    <member type="way" ref="872717778" role=""/>
    <member type="way" ref="872717797" role=""/>
    <member type="way" ref="872717832" role=""/>
    <member type="way" ref="872717837" role=""/>
    <member type="way" ref="1359285522" role=""/>
    <member type="way" ref="1359285521" role=""/>
    <member type="way" ref="872717807" role=""/>
    <member type="way" ref="872717819" role=""/>
    <member type="way" ref="872717820" role=""/>
    <member type="way" ref="872717816" role=""/>
    <member type="way" ref="872717846" role=""/>
    <member type="way" ref="872717849" role=""/>
    <member type="way" ref="872717858" role=""/>
    <member type="way" ref="872717853" role=""/>
    <member type="way" ref="1359288743" role=""/>
    <member type="way" ref="1359288742" role=""/>
    <member type="way" ref="1293353650" role=""/>
    <member type="way" ref="1293353651" role=""/>
    <member type="way" ref="1293353652" role=""/>
    <member type="way" ref="1293355247" role=""/>
    <member type="way" ref="1293355251" role=""/>
    <member type="way" ref="1293355248" role=""/>
    <member type="way" ref="1293355253" role=""/>
    <member type="way" ref="110802049" role=""/>
    <member type="way" ref="1360825583" role=""/>
    <member type="way" ref="1360825582" role=""/>
    <member type="way" ref="1292287772" role=""/>
    <member type="way" ref="1292287770" role=""/>
    <member type="way" ref="110802046" role=""/>
    <member type="way" ref="1292286474" role=""/>
    <member type="way" ref="1292286475" role=""/>
    <member type="way" ref="1292286470" role=""/>
    <member type="way" ref="1292286471" role=""/>
    <member type="way" ref="110802058" role=""/>
    <member type="way" ref="1292283749" role=""/>
    <member type="way" ref="1292283748" role=""/>
    <member type="way" ref="1293360431" role=""/>
    <member type="way" ref="872735030" role=""/>
    <member type="way" ref="872735029" role=""/>
    <member type="way" ref="1293360433" role=""/>
    <member type="way" ref="1357134669" role=""/>
    <member type="way" ref="1357134671" role=""/>
    <member type="way" ref="872735038" role=""/>
    <member type="way" ref="1292278342" role=""/>
    <member type="way" ref="1292278341" role=""/>
    <member type="way" ref="1292276704" role=""/>
    <member type="way" ref="1292276705" role=""/>
    <member type="way" ref="110802039" role=""/>
    <member type="way" ref="1292074365" role=""/>
    <member type="way" ref="1292078817" role=""/>
    <member type="way" ref="813245238" role=""/>
    <member type="way" ref="813245237" role=""/>
    <member type="way" ref="754413761" role=""/>
    <member type="way" ref="1355905888" role=""/>
    <member type="way" ref="1355905887" role=""/>
    <member type="way" ref="1390507135" role=""/>
    <member type="way" ref="1390507134" role=""/>
    <member type="way" ref="1290846748" role=""/>
    <member type="way" ref="1290846747" role=""/>
    <member type="way" ref="754413762" role=""/>
    <member type="way" ref="1355905883" role=""/>
    <member type="way" ref="1355905882" role=""/>
    <member type="way" ref="28767131" role=""/>
    <member type="way" ref="1365976048" role=""/>
    <member type="way" ref="1365976047" role=""/>
    <member type="way" ref="288700408" role=""/>
    <member type="way" ref="944536730" role=""/>
    <member type="way" ref="944536725" role=""/>
    <member type="way" ref="944536726" role=""/>
    <member type="way" ref="944536729" role=""/>
    <member type="way" ref="288700410" role=""/>
    <member type="way" ref="28767132" role=""/>
    <member type="way" ref="28767167" role=""/>
    <member type="way" ref="28767168" role=""/>
    <member type="way" ref="28752174" role=""/>
    <member type="way" ref="274056436" role=""/>
    <member type="way" ref="100809378" role=""/>
    <member type="way" ref="1390507129" role=""/>
    <member type="way" ref="1390507128" role=""/>
    <member type="way" ref="100809394" role=""/>
    <member type="way" ref="100809344" role=""/>
    <member type="way" ref="100809327" role=""/>
    <member type="way" ref="100809361" role=""/>
    <member type="way" ref="100809380" role=""/>
    <member type="way" ref="944504949" role=""/>
    <member type="way" ref="944507086" role=""/>
    <member type="way" ref="944507085" role=""/>
    <member type="way" ref="944504950" role=""/>
    <member type="way" ref="553852175" role=""/>
    <member type="way" ref="1355905872" role=""/>
    <member type="way" ref="1355905871" role=""/>
    <member type="way" ref="553852171" role=""/>
    <member type="way" ref="1293043332" role=""/>
    <member type="way" ref="1293043331" role=""/>
    <member type="way" ref="100809402" role=""/>
    <member type="way" ref="100809384" role=""/>
    <member type="way" ref="553852212" role=""/>
    <member type="way" ref="553852213" role=""/>
    <member type="way" ref="406814753" role=""/>
    <member type="way" ref="406814745" role=""/>
    <member type="way" ref="100809377" role=""/>
    <member type="way" ref="1293028653" role=""/>
    <member type="way" ref="1293028654" role=""/>
    <member type="way" ref="1296613397" role=""/>
    <member type="way" ref="1296613398" role=""/>
    <member type="way" ref="100809352" role=""/>
    <member type="way" ref="100809336" role=""/>
    <member type="way" ref="100809418" role=""/>
    <member type="way" ref="100809400" role=""/>
    <member type="way" ref="1356754115" role=""/>
    <member type="way" ref="1355905863" role=""/>
    <member type="way" ref="1355905862" role=""/>
    <member type="way" ref="100809328" role=""/>
    <member type="way" ref="100809342" role=""/>
    <member type="way" ref="1355905860" role=""/>
    <member type="way" ref="1355905859" role=""/>
    <member type="way" ref="1355905855" role=""/>
    <member type="way" ref="1355905849" role=""/>
    <member type="way" ref="1355905848" role=""/>
    <member type="way" ref="1355905854" role=""/>
    <member type="way" ref="1355905846" role=""/>
    <member type="way" ref="1355905845" role=""/>
    <member type="way" ref="1355905840" role=""/>
    <member type="way" ref="1355905839" role=""/>
    <member type="way" ref="100809413" role=""/>
    <member type="way" ref="637578915" role=""/>
    <member type="way" ref="637578916" role=""/>
    <member type="way" ref="1293002414" role=""/>
    <member type="way" ref="1293002413" role=""/>
    <member type="way" ref="100774484" role=""/>
    <member type="way" ref="100774476" role=""/>
    <member type="way" ref="754413750" role=""/>
    <member type="way" ref="1390507126" role=""/>
    <member type="way" ref="1390507125" role=""/>
    <member type="way" ref="754413753" role=""/>
    <member type="way" ref="100774478" role=""/>
    <member type="way" ref="1456232133" role=""/>
    <member type="way" ref="1456232132" role=""/>
    <member type="way" ref="1243169584" role=""/>
    <member type="way" ref="1243169582" role=""/>
    <member type="way" ref="1243164426" role=""/>
    <member type="way" ref="1243164424" role=""/>
    <member type="way" ref="1235084848" role=""/>
    <member type="way" ref="1235084847" role=""/>
    <member type="way" ref="218348145" role=""/>
    <member type="way" ref="100773397" role=""/>
    <member type="way" ref="1346583766" role=""/>
    <member type="way" ref="1346583765" role=""/>
    <member type="way" ref="100773392" role=""/>
    <member type="way" ref="101267894" role=""/>
    <member type="way" ref="101267875" role=""/>
    <member type="way" ref="101267911" role=""/>
    <member type="way" ref="101267895" role=""/>
    <member type="way" ref="1289579841" role=""/>
    <member type="way" ref="1289579840" role=""/>
    <member type="way" ref="1289576655" role=""/>
    <member type="way" ref="101267885" role=""/>
    <member type="way" ref="1289576648" role=""/>
    <member type="way" ref="1289576649" role=""/>
    <member type="way" ref="1289576654" role=""/>
    <member type="way" ref="101267898" role=""/>
    <member type="way" ref="101267893" role=""/>
    <member type="way" ref="101267889" role=""/>
    <member type="way" ref="102209418" role=""/>
    <member type="way" ref="1296793045" role=""/>
    <member type="way" ref="1296793047" role=""/>
    <member type="way" ref="102209417" role=""/>
    <member type="way" ref="102209344" role=""/>
    <member type="way" ref="102209342" role=""/>
    <member type="way" ref="102277009" role=""/>
    <member type="way" ref="102277004" role=""/>
    <member type="way" ref="102276942" role=""/>
    <member type="way" ref="102276930" role=""/>
    <member type="way" ref="102276919" role=""/>
    <member type="way" ref="102277025" role=""/>
    <member type="way" ref="949937443" role=""/>
    <member type="way" ref="970256766" role=""/>
    <member type="way" ref="1280768323" role=""/>
    <member type="way" ref="1280768324" role=""/>
    <member type="way" ref="949937444" role=""/>
    <member type="way" ref="874494069" role=""/>
    <member type="way" ref="102276924" role=""/>
    <member type="way" ref="750746292" role=""/>
    <member type="way" ref="102277120" role=""/>
    <member type="way" ref="313316063" role=""/>
    <member type="way" ref="874494096" role=""/>
    <member type="way" ref="874494097" role=""/>
    <member type="way" ref="313316065" role=""/>
    <member type="way" ref="874494092" role=""/>
    <member type="way" ref="952537956" role=""/>
    <member type="way" ref="952537955" role=""/>
    <member type="way" ref="874494091" role=""/>
    <member type="way" ref="874494090" role=""/>
    <member type="way" ref="874494101" role=""/>
    <member type="way" ref="1316358621" role=""/>
    <member type="way" ref="102277145" role=""/>
    <member type="way" ref="102276953" role=""/>
    <member type="way" ref="102277143" role=""/>
    <member type="way" ref="1327480074" role=""/>
    <member type="way" ref="1327480075" role=""/>
    <member type="way" ref="102277050" role=""/>
    <member type="way" ref="572421975" role=""/>
    <member type="way" ref="954636415" role=""/>
    <member type="way" ref="875636474" role=""/>
    <member type="way" ref="875636481" role=""/>
    <member type="way" ref="875636480" role=""/>
    <member type="way" ref="102277066" role=""/>
    <member type="way" ref="572419665" role=""/>
    <member type="way" ref="102276937" role=""/>
    <member type="way" ref="875636445" role=""/>
    <member type="way" ref="954636419" role=""/>
    <member type="way" ref="875636447" role=""/>
    <member type="way" ref="875636450" role=""/>
    <member type="way" ref="954636418" role=""/>
    <member type="way" ref="102277135" role=""/>
    <member type="way" ref="102277077" role=""/>
    <member type="way" ref="102277047" role=""/>
    <member type="way" ref="954636424" role=""/>
    <member type="way" ref="875636472" role=""/>
    <member type="way" ref="875636466" role=""/>
    <member type="way" ref="875636464" role=""/>
    <member type="way" ref="954636425" role=""/>
    <member type="way" ref="102276939" role=""/>
    <member type="way" ref="954621774" role=""/>
    <member type="way" ref="954621773" role=""/>
    <member type="way" ref="102276932" role=""/>
    <member type="way" ref="102277181" role=""/>
    <member type="way" ref="102276955" role=""/>
    <member type="way" ref="102276917" role=""/>
    <member type="way" ref="102276988" role=""/>
    <member type="way" ref="102276976" role=""/>
    <member type="way" ref="102277093" role=""/>
    <member type="way" ref="102277129" role=""/>
    <member type="way" ref="1289563340" role=""/>
    <member type="way" ref="1289563338" role=""/>
    <member type="way" ref="102277144" role=""/>
    <member type="way" ref="102277116" role=""/>
    <member type="way" ref="877373544" role=""/>
    <member type="way" ref="877373542" role=""/>
    <member type="way" ref="877373538" role=""/>
    <member type="way" ref="877373531" role=""/>
    <member type="way" ref="877373536" role=""/>
    <member type="way" ref="877373530" role=""/>
    <member type="way" ref="877373541" role=""/>
    <member type="way" ref="877373545" role=""/>
    <member type="way" ref="874498480" role=""/>
    <member type="way" ref="874498482" role=""/>
    <member type="way" ref="874498477" role=""/>
    <member type="way" ref="874498476" role=""/>
    <member type="way" ref="874498474" role=""/>
    <member type="way" ref="874498472" role=""/>
    <member type="way" ref="874498470" role=""/>
    <member type="way" ref="874498485" role=""/>
    <member type="way" ref="874498487" role=""/>
    <member type="way" ref="874498492" role=""/>
    <member type="way" ref="874498493" role=""/>
    <member type="way" ref="874498499" role=""/>
    <member type="way" ref="874498503" role=""/>
    <member type="way" ref="874498502" role=""/>
    <member type="way" ref="874498469" role=""/>
    <member type="way" ref="874503892" role=""/>
    <member type="way" ref="874503890" role=""/>
    <member type="way" ref="874503895" role=""/>
    <member type="way" ref="874503896" role=""/>
    <member type="way" ref="874503898" role=""/>
    <member type="way" ref="874503901" role=""/>
    <member type="way" ref="874503902" role=""/>
    <member type="way" ref="874503905" role=""/>
    <member type="way" ref="874503907" role=""/>
    <member type="way" ref="874503914" role=""/>
    <member type="way" ref="874503913" role=""/>
    <member type="way" ref="874503887" role=""/>
    <member type="way" ref="111380120" role=""/>
    <member type="way" ref="637578928" role=""/>
    <member type="way" ref="637578927" role=""/>
    <member type="way" ref="111380085" role=""/>
    <member type="way" ref="232244090" role=""/>
    <member type="way" ref="232244094" role=""/>
    <member type="way" ref="111461158" role=""/>
    <member type="way" ref="906079131" role=""/>
    <member type="way" ref="906079132" role=""/>
    <member type="way" ref="232244096" role=""/>
    <member type="way" ref="963864364" role=""/>
    <member type="way" ref="963864367" role=""/>
    <member type="way" ref="111461238" role=""/>
    <member type="way" ref="111461281" role=""/>
    <member type="way" ref="877672307" role=""/>
    <member type="way" ref="877672303" role=""/>
    <member type="way" ref="877672308" role=""/>
    <member type="way" ref="877672317" role=""/>
    <member type="way" ref="877672318" role=""/>
    <member type="way" ref="877672301" role=""/>
    <member type="way" ref="182594021" role=""/>
    <member type="way" ref="182594032" role=""/>
    <member type="way" ref="182594034" role=""/>
    <member type="way" ref="182594017" role=""/>
    <member type="way" ref="877672310" role=""/>
    <member type="way" ref="182594026" role=""/>
    <member type="way" ref="182594044" role=""/>
    <member type="way" ref="182594024" role=""/>
    <member type="way" ref="182594015" role=""/>
    <member type="way" ref="877672321" role=""/>
    <member type="way" ref="877672320" role=""/>
    <member type="way" ref="182594031" role=""/>
    <member type="way" ref="182594018" role=""/>
    <member type="way" ref="182594023" role=""/>
    <member type="way" ref="877672337" role=""/>
    <member type="way" ref="182594041" role=""/>
    <member type="way" ref="182594036" role=""/>
    <member type="way" ref="637578951" role=""/>
    <member type="way" ref="637578948" role=""/>
    <member type="way" ref="963963648" role=""/>
    <member type="way" ref="963963645" role=""/>
    <member type="way" ref="44831982" role=""/>
    <member type="way" ref="217311288" role=""/>
    <member type="way" ref="217311285" role=""/>
    <member type="way" ref="1109018890" role=""/>
    <member type="way" ref="217311290" role=""/>
    <member type="way" ref="1109018888" role=""/>
    <member type="way" ref="871709226" role=""/>
    <member type="way" ref="871709218" role=""/>
    <member type="way" ref="871709217" role=""/>
    <member type="way" ref="217311283" role=""/>
    <member type="way" ref="637578965" role=""/>
    <member type="way" ref="637578961" role=""/>
    <member type="way" ref="871006041" role=""/>
    <member type="way" ref="871006046" role=""/>
    <member type="way" ref="217311281" role=""/>
    <member type="way" ref="1074993997" role=""/>
    <member type="way" ref="1074993996" role=""/>
    <member type="way" ref="115776374" role=""/>
    <member type="way" ref="115776422" role=""/>
    <member type="way" ref="871005986" role=""/>
    <member type="way" ref="871006051" role=""/>
    <member type="way" ref="871006053" role=""/>
    <member type="way" ref="871053986" role=""/>
    <member type="way" ref="822000720" role=""/>
    <member type="way" ref="637578987" role=""/>
    <member type="way" ref="637578989" role=""/>
    <member type="way" ref="871709227" role=""/>
    <member type="way" ref="115643053" role=""/>
    <member type="way" ref="115643060" role=""/>
    <member type="way" ref="115643059" role=""/>
    <member type="way" ref="113002700" role=""/>
    <member type="way" ref="113002688" role=""/>
    <member type="way" ref="113002707" role=""/>
    <member type="way" ref="113002684" role=""/>
    <member type="way" ref="907793640" role=""/>
    <member type="way" ref="907793642" role=""/>
    <member type="way" ref="312590924" role=""/>
    <member type="way" ref="312590932" role=""/>
    <member type="way" ref="169623976" role=""/>
    <member type="way" ref="312590942" role=""/>
    <member type="way" ref="312590934" role=""/>
    <member type="way" ref="312590938" role=""/>
    <member type="way" ref="312590936" role=""/>
    <member type="way" ref="312590940" role=""/>
    <member type="way" ref="169624065" role=""/>
    <member type="way" ref="1280455961" role=""/>
    <member type="way" ref="1280455960" role=""/>
    <member type="way" ref="1280455957" role=""/>
    <member type="way" ref="1280455954" role=""/>
    <member type="way" ref="169624154" role=""/>
    <member type="way" ref="305676874" role=""/>
    <member type="way" ref="305676875" role=""/>
    <member type="way" ref="1280455942" role=""/>
    <member type="way" ref="1280455943" role=""/>
    <member type="way" ref="169624236" role=""/>
    <member type="way" ref="1280455947" role=""/>
    <member type="way" ref="1280455948" role=""/>
    <member type="way" ref="169624117" role=""/>
    <member type="way" ref="169623969" role=""/>
    <member type="way" ref="1287339133" role=""/>
    <member type="way" ref="1287339132" role=""/>
    <member type="way" ref="169624164" role=""/>
    <member type="way" ref="169624237" role=""/>
    <member type="way" ref="169624134" role=""/>
    <member type="way" ref="169624220" role=""/>
    <member type="way" ref="169624056" role=""/>
    <member type="way" ref="169624260" role=""/>
    <member type="way" ref="1080441590" role=""/>
    <member type="way" ref="1080441589" role=""/>
    <member type="way" ref="183011455" role=""/>
    <member type="way" ref="183011463" role=""/>
    <member type="way" ref="183011459" role=""/>
    <member type="way" ref="169624179" role=""/>
    <member type="way" ref="183011456" role=""/>
    <member type="way" ref="183011452" role=""/>
    <member type="way" ref="183011458" role=""/>
    <member type="way" ref="183011462" role=""/>
    <member type="way" ref="169624012" role=""/>
    <member type="way" ref="169624227" role=""/>
    <member type="way" ref="169624115" role=""/>
    <member type="way" ref="169624002" role=""/>
    <member type="way" ref="169623991" role=""/>
    <member type="way" ref="169624224" role=""/>
    <member type="way" ref="169624005" role=""/>
    <member type="way" ref="169624241" role=""/>
    <member type="way" ref="169624124" role=""/>
    <member type="way" ref="169624226" role=""/>
    <member type="way" ref="169624020" role=""/>
    <member type="way" ref="169623966" role=""/>
    <member type="way" ref="169624022" role=""/>
    <member type="way" ref="169624281" role=""/>
    <member type="way" ref="169624105" role=""/>
    <member type="way" ref="169624219" role=""/>
    <member type="way" ref="169624093" role=""/>
    <member type="way" ref="169624204" role=""/>
    <member type="way" ref="169624035" role=""/>
    <member type="way" ref="169624171" role=""/>
    <member type="way" ref="169623990" role=""/>
    <member type="way" ref="169624229" role=""/>
    <member type="way" ref="169624037" role=""/>
    <member type="way" ref="169624290" role=""/>
    <member type="way" ref="169624084" role=""/>
    <member type="way" ref="169624193" role=""/>
    <member type="way" ref="169624025" role=""/>
    <member type="way" ref="169624297" role=""/>
    <member type="way" ref="169624024" role=""/>
    <member type="way" ref="169623967" role=""/>
    <member type="way" ref="169624060" role=""/>
    <member type="way" ref="169624285" role=""/>
    <member type="way" ref="169623998" role=""/>
    <member type="way" ref="169623973" role=""/>
    <member type="way" ref="169624131" role=""/>
    <member type="way" ref="169624296" role=""/>
    <member type="way" ref="169624136" role=""/>
    <member type="way" ref="169624273" role=""/>
    <member type="way" ref="169624001" role=""/>
    <member type="way" ref="169624291" role=""/>
    <member type="way" ref="169624046" role=""/>
    <member type="way" ref="169624295" role=""/>
    <member type="way" ref="169624051" role=""/>
    <member type="way" ref="169624157" role=""/>
    <member type="way" ref="169624078" role=""/>
    <member type="way" ref="169624153" role=""/>
    <member type="way" ref="169623992" role=""/>
    <member type="way" ref="169624169" role=""/>
    <member type="way" ref="169624015" role=""/>
    <member type="way" ref="169624266" role=""/>
    <member type="way" ref="169624031" role=""/>
    <member type="way" ref="169623970" role=""/>
    <member type="way" ref="169624053" role=""/>
    <member type="way" ref="169624208" role=""/>
    <member type="way" ref="169624072" role=""/>
    <member type="way" ref="169624234" role=""/>
    <member type="way" ref="169624026" role=""/>
    <member type="way" ref="169624203" role=""/>
    <member type="way" ref="169624107" role=""/>
    <member type="way" ref="169624270" role=""/>
    <member type="way" ref="169624009" role=""/>
    <member type="way" ref="169624249" role=""/>
    <member type="way" ref="193932380" role=""/>
    <member type="way" ref="193932122" role=""/>
    <member type="way" ref="1289345724" role=""/>
    <member type="way" ref="1289345723" role=""/>
    <member type="way" ref="193932337" role=""/>
    <member type="way" ref="193932516" role=""/>
    <member type="way" ref="193932451" role=""/>
    <member type="way" ref="193932497" role=""/>
    <member type="way" ref="193932352" role=""/>
    <member type="way" ref="193932587" role=""/>
    <member type="way" ref="193932179" role=""/>
    <member type="way" ref="193932611" role=""/>
    <member type="way" ref="193932319" role=""/>
    <member type="way" ref="193932599" role=""/>
    <member type="way" ref="193932182" role=""/>
    <member type="way" ref="193932544" role=""/>
    <member type="way" ref="193932299" role=""/>
    <member type="way" ref="193932584" role=""/>
    <member type="way" ref="193932219" role=""/>
    <member type="way" ref="193932149" role=""/>
    <member type="way" ref="193932348" role=""/>
    <member type="way" ref="193932426" role=""/>
    <member type="way" ref="193932235" role=""/>
    <member type="way" ref="193932485" role=""/>
    <member type="way" ref="193932224" role=""/>
    <member type="way" ref="193932446" role=""/>
    <member type="way" ref="193932271" role=""/>
    <member type="way" ref="193932500" role=""/>
    <member type="way" ref="193932310" role=""/>
    <member type="way" ref="193932469" role=""/>
    <member type="way" ref="193932192" role=""/>
    <member type="way" ref="193932572" role=""/>
    <member type="way" ref="193932209" role=""/>
    <member type="way" ref="193932131" role=""/>
    <member type="way" ref="193932376" role=""/>
    <member type="way" ref="193932353" role=""/>
    <member type="way" ref="193932250" role=""/>
    <member type="way" ref="193932405" role=""/>
    <member type="way" ref="193932282" role=""/>
    <member type="way" ref="193932466" role=""/>
    <member type="way" ref="193932244" role=""/>
    <member type="way" ref="193932403" role=""/>
    <member type="way" ref="193932341" role=""/>
    <member type="way" ref="193932549" role=""/>
    <member type="way" ref="193932175" role=""/>
    <member type="way" ref="193932484" role=""/>
    <member type="way" ref="193932357" role=""/>
    <member type="way" ref="193932560" role=""/>
    <member type="way" ref="193932248" role=""/>
    <member type="way" ref="193932398" role=""/>
    <member type="way" ref="193932261" role=""/>
    <member type="way" ref="193932401" role=""/>
    <member type="way" ref="208908945" role=""/>
    <member type="way" ref="208908983" role=""/>
    <member type="way" ref="208908971" role=""/>
    <member type="way" ref="208908987" role=""/>
    <member type="way" ref="208908949" role=""/>
    <member type="way" ref="208908984" role=""/>
    <member type="way" ref="208908953" role=""/>
    <member type="way" ref="208909014" role=""/>
    <member type="way" ref="208908959" role=""/>
    <member type="way" ref="208909003" role=""/>
    <member type="way" ref="208908942" role=""/>
    <member type="way" ref="208909010" role=""/>
    <member type="way" ref="208908970" role=""/>
    <member type="way" ref="208908989" role=""/>
    <member type="way" ref="208908939" role=""/>
    <member type="way" ref="208908994" role=""/>
    <member type="way" ref="208908957" role=""/>
    <member type="way" ref="208908982" role=""/>
    <member type="way" ref="208908954" role=""/>
    <member type="way" ref="208908992" role=""/>
    <member type="way" ref="208908955" role=""/>
    <member type="way" ref="208908969" role=""/>
    <member type="way" ref="208908978" role=""/>
    <member type="way" ref="208909009" role=""/>
    <member type="way" ref="208908934" role=""/>
    <member type="way" ref="208908996" role=""/>
    <member type="way" ref="208908974" role=""/>
    <member type="way" ref="208909005" role=""/>
    <member type="way" ref="208908977" role=""/>
    <member type="way" ref="208909002" role=""/>
    <member type="way" ref="208908956" role=""/>
    <member type="way" ref="208909011" role=""/>
    <member type="way" ref="208908968" role=""/>
    <member type="way" ref="208908937" role=""/>
    <member type="way" ref="208908960" role=""/>
    <member type="way" ref="208908979" role=""/>
    <member type="way" ref="208908951" role=""/>
    <member type="way" ref="208908963" role=""/>
    <member type="way" ref="208908975" role=""/>
    <member type="way" ref="208909013" role=""/>
    <member type="way" ref="87188833" role=""/>
    <member type="way" ref="193932274" role=""/>
    <member type="way" ref="193932453" role=""/>
    <member type="way" ref="193932255" role=""/>
    <member type="way" ref="193932411" role=""/>
    <member type="way" ref="193932221" role=""/>
    <member type="way" ref="193932269" role=""/>
    <member type="way" ref="193932187" role=""/>
    <member type="way" ref="193932394" role=""/>
    <member type="way" ref="193932217" role=""/>
    <member type="way" ref="193932590" role=""/>
    <member type="way" ref="193932246" role=""/>
    <member type="way" ref="193932555" role=""/>
    <member type="way" ref="193932170" role=""/>
    <member type="way" ref="193932565" role=""/>
    <member type="way" ref="193932343" role=""/>
    <member type="way" ref="193932578" role=""/>
    <member type="way" ref="193932335" role=""/>
    <member type="way" ref="193932588" role=""/>
    <member type="way" ref="193932314" role=""/>
    <member type="way" ref="193932582" role=""/>
    <member type="way" ref="193932230" role=""/>
    <member type="way" ref="193932574" role=""/>
    <member type="way" ref="193932189" role=""/>
    <member type="way" ref="193932591" role=""/>
    <member type="way" ref="193932238" role=""/>
    <member type="way" ref="193932459" role=""/>
    <member type="way" ref="193932184" role=""/>
    <member type="way" ref="193932605" role=""/>
    <member type="way" ref="193932266" role=""/>
    <member type="way" ref="193932508" role=""/>
    <member type="way" ref="193932205" role=""/>
    <member type="way" ref="193932144" role=""/>
    <member type="way" ref="193932258" role=""/>
    <member type="way" ref="193932504" role=""/>
    <member type="way" ref="193932359" role=""/>
    <member type="way" ref="193932482" role=""/>
    <member type="way" ref="193932328" role=""/>
    <member type="way" ref="193932478" role=""/>
    <member type="way" ref="193932172" role=""/>
    <member type="way" ref="193932606" role=""/>
    <member type="way" ref="193932280" role=""/>
    <member type="way" ref="193932154" role=""/>
    <member type="way" ref="193932316" role=""/>
    <member type="way" ref="193932475" role=""/>
    <member type="way" ref="193932340" role=""/>
    <member type="way" ref="193932597" role=""/>
    <member type="way" ref="1287678365" role=""/>
    <member type="way" ref="1027260523" role=""/>
    <member type="way" ref="1311471049" role=""/>
    <member type="way" ref="1448154749" role=""/>
    <member type="way" ref="1448154748" role=""/>
    <member type="way" ref="1027260522" role=""/>
    <member type="way" ref="118246730" role=""/>
    <member type="way" ref="118246681" role=""/>
    <member type="way" ref="118246718" role=""/>
    <member type="way" ref="1254519639" role=""/>
    <member type="way" ref="1254519640" role=""/>
    <member type="way" ref="118246675" role=""/>
    <member type="way" ref="118246697" role=""/>
    <member type="way" ref="118246756" role=""/>
    <member type="way" ref="118246687" role=""/>
    <member type="way" ref="118246668" role=""/>
    <member type="way" ref="118246723" role=""/>
    <member type="way" ref="118246696" role=""/>
    <member type="way" ref="118246720" role=""/>
    <member type="way" ref="118246765" role=""/>
    <member type="way" ref="118246728" role=""/>
    <member type="way" ref="118246684" role=""/>
    <member type="way" ref="118246716" role=""/>
    <member type="way" ref="118246752" role=""/>
    <member type="way" ref="118246708" role=""/>
    <member type="way" ref="118246666" role=""/>
    <member type="way" ref="1027254996" role=""/>
    <member type="way" ref="1027254992" role=""/>
    <member type="way" ref="1027254991" role=""/>
    <member type="way" ref="1027254995" role=""/>
    <member type="way" ref="118246743" role=""/>
    <member type="way" ref="1043686548" role=""/>
    <member type="way" ref="1043686547" role=""/>
    <member type="way" ref="317881014" role=""/>
    <member type="way" ref="1027077365" role=""/>
    <member type="way" ref="1046066752" role=""/>
    <member type="way" ref="1046066751" role=""/>
    <member type="way" ref="1027077364" role=""/>
    <member type="way" ref="317881013" role=""/>
    <member type="way" ref="118246680" role=""/>
    <member type="way" ref="118246702" role=""/>
    <member type="way" ref="118246747" role=""/>
    <member type="way" ref="118246693" role=""/>
    <member type="way" ref="118246768" role=""/>
    <member type="way" ref="118246712" role=""/>
    <member type="way" ref="118246679" role=""/>
    <member type="way" ref="118246729" role=""/>
    <member type="way" ref="118246749" role=""/>
    <member type="way" ref="118246703" role=""/>
    <member type="way" ref="118246754" role=""/>
    <member type="way" ref="118246714" role=""/>
    <member type="way" ref="118246674" role=""/>
    <member type="way" ref="118246694" role=""/>
    <member type="way" ref="118246670" role=""/>
    <member type="way" ref="118246709" role=""/>
    <member type="way" ref="118246739" role=""/>
    <member type="way" ref="1027058522" role=""/>
    <member type="way" ref="1027058518" role=""/>
    <member type="way" ref="1027058517" role=""/>
    <member type="way" ref="1027058521" role=""/>
    <member type="way" ref="327779447" role=""/>
    <member type="way" ref="118246741" role=""/>
    <member type="way" ref="118246665" role=""/>
    <member type="way" ref="118246717" role=""/>
    <member type="way" ref="1027058525" role=""/>
    <member type="way" ref="1455432250" role=""/>
    <member type="way" ref="1455432249" role=""/>
    <member type="way" ref="1455169237" role=""/>
    <member type="way" ref="1455169236" role=""/>
    <member type="way" ref="1459214424" role=""/>
    <member type="way" ref="1459214425" role=""/>
    <member type="way" ref="1455169234" role=""/>
    <member type="way" ref="1455169233" role=""/>
    <member type="way" ref="1455169232" role=""/>
    <member type="way" ref="1027058524" role=""/>
    <member type="way" ref="1459219360" role=""/>
    <member type="way" ref="1459254133" role=""/>
    <member type="way" ref="1459254132" role=""/>
    <member type="way" ref="1459219361" role=""/>
    <member type="way" ref="1459222991" role=""/>
    <member type="way" ref="1459222992" role=""/>
    <member type="way" ref="1459225416" role=""/>
    <member type="way" ref="1459225417" role=""/>
    <member type="way" ref="1459222996" role=""/>
    <member type="way" ref="1459222997" role=""/>
    <member type="way" ref="118246758" role=""/>
    <member type="way" ref="118246721" role=""/>
    <member type="way" ref="118246738" role=""/>
    <member type="way" ref="1459263934" role=""/>
    <member type="way" ref="1459263933" role=""/>
    <member type="way" ref="1049837182" role=""/>
    <member type="way" ref="1049837180" role=""/>
    <member type="way" ref="1025630848" role=""/>
    <member type="way" ref="118246744" role=""/>
    <member type="way" ref="118246692" role=""/>
    <member type="way" ref="118246760" role=""/>
    <member type="way" ref="327779443" role=""/>
    <member type="way" ref="369941496" role=""/>
    <member type="way" ref="369941497" role=""/>
    <member type="way" ref="327853181" role=""/>
    <member type="way" ref="117943400" role=""/>
    <member type="way" ref="117943397" role=""/>
    <member type="way" ref="826029431" role=""/>
    <member type="way" ref="826029425" role=""/>
    <member type="way" ref="826029424" role=""/>
    <member type="way" ref="826029421" role=""/>
    <member type="way" ref="1296813300" role=""/>
    <member type="way" ref="1026652675" role=""/>
    <member type="way" ref="1296813299" role=""/>
    <member type="way" ref="1296813296" role=""/>
    <member type="way" ref="826029419" role=""/>
    <member type="way" ref="826029413" role=""/>
    <member type="way" ref="1296813294" role=""/>
    <member type="way" ref="826029412" role=""/>
    <member type="way" ref="826029432" role=""/>
    <member type="way" ref="637624089" role=""/>
    <member type="way" ref="1091000951" role=""/>
    <member type="way" ref="1091000947" role=""/>
    <member type="way" ref="637624088" role=""/>
    <member type="way" ref="1193460808" role=""/>
    <member type="way" ref="327853180" role=""/>
    <member type="way" ref="1089458963" role=""/>
    <member type="way" ref="1321790300" role=""/>
    <member type="way" ref="1321790301" role=""/>
    <member type="way" ref="1203895003" role=""/>
    <member type="way" ref="1203895002" role=""/>
    <member type="way" ref="118228004" role=""/>
    <member type="way" ref="1321790297" role=""/>
    <member type="way" ref="1321790298" role=""/>
    <member type="way" ref="1096960581" role=""/>
    <member type="way" ref="1096960587" role=""/>
    <member type="way" ref="1321791573" role=""/>
    <member type="way" ref="118228011" role=""/>
    <member type="way" ref="1321791575" role=""/>
    <member type="way" ref="1096960582" role=""/>
    <member type="way" ref="118394499" role=""/>
    <member type="way" ref="637624093" role=""/>
    <member type="way" ref="1320907966" role=""/>
    <member type="way" ref="761389099" role=""/>
    <member type="way" ref="761389100" role=""/>
    <member type="way" ref="761389094" role=""/>
    <member type="way" ref="1320907963" role=""/>
    <member type="way" ref="761389093" role=""/>
    <member type="way" ref="1294744753" role=""/>
    <member type="way" ref="1294744752" role=""/>
    <member type="way" ref="637624091" role=""/>
    <member type="way" ref="118394501" role=""/>
    <member type="way" ref="1106343998" role=""/>
    <member type="way" ref="1106343271" role=""/>
    <member type="way" ref="1106343995" role=""/>
    <member type="way" ref="1106343272" role=""/>
    <member type="way" ref="1106343267" role=""/>
    <member type="way" ref="118227998" role=""/>
    <member type="way" ref="118228021" role=""/>
    <member type="way" ref="118227996" role=""/>
    <member type="way" ref="118228027" role=""/>
    <member type="way" ref="166301667" role=""/>
    <member type="way" ref="118228014" role=""/>
    <member type="way" ref="1292556668" role=""/>
    <member type="way" ref="1292556669" role=""/>
    <member type="way" ref="1292556670" role=""/>
    <member type="way" ref="238572563" role=""/>
    <member type="way" ref="1292556671" role=""/>
    <member type="way" ref="238572565" role=""/>
    <member type="way" ref="1023281490" role=""/>
    <member type="way" ref="1023281489" role=""/>
    <member type="way" ref="1023281488" role=""/>
    <member type="way" ref="1023281487" role=""/>
    <member type="way" ref="1023281479" role=""/>
    <member type="way" ref="1023281478" role=""/>
    <member type="way" ref="1023281477" role=""/>
    <member type="way" ref="1023281476" role=""/>
    <member type="way" ref="118227993" role=""/>
    <member type="way" ref="1292559646" role=""/>
    <member type="way" ref="1292559647" role=""/>
    <member type="way" ref="118228028" role=""/>
    <member type="way" ref="375613092" role=""/>
    <member type="way" ref="375613099" role=""/>
    <member type="way" ref="1319822396" role=""/>
    <member type="way" ref="1319822395" role=""/>
    <member type="way" ref="1298768425" role=""/>
    <member type="way" ref="1319822390" role=""/>
    <member type="way" ref="1319822392" role=""/>
    <member type="way" ref="1298768424" role=""/>
    <member type="way" ref="118228007" role=""/>
    <member type="way" ref="118228009" role=""/>
    <member type="way" ref="118228002" role=""/>
    <member type="way" ref="118227988" role=""/>
    <member type="way" ref="118228001" role=""/>
    <member type="way" ref="1327797316" role=""/>
    <member type="way" ref="1327797318" role=""/>
    <member type="way" ref="118228000" role=""/>
    <member type="way" ref="1025310840" role=""/>
    <member type="way" ref="1025310841" role=""/>
    <member type="way" ref="206020072" role=""/>
    <member type="way" ref="1025310847" role=""/>
    <member type="way" ref="1025310846" role=""/>
    <member type="way" ref="1025302566" role=""/>
    <member type="way" ref="1025302565" role=""/>
    <member type="way" ref="118228003" role=""/>
    <member type="way" ref="118228006" role=""/>
    <member type="way" ref="1023138496" role=""/>
    <member type="way" ref="1023138495" role=""/>
    <member type="way" ref="1023130395" role=""/>
    <member type="way" ref="1023130394" role=""/>
    <member type="way" ref="1023130399" role=""/>
    <member type="way" ref="1023130398" role=""/>
    <member type="way" ref="118227991" role=""/>
    <member type="way" ref="1007095284" role=""/>
    <member type="way" ref="1007095285" role=""/>
    <member type="way" ref="1007095293" role=""/>
    <member type="way" ref="1007122597" role=""/>
    <member type="way" ref="193932603" role=""/>
    <member type="way" ref="193932354" role=""/>
    <member type="way" ref="193932389" role=""/>
    <member type="way" ref="193932377" role=""/>
    <member type="way" ref="193932158" role=""/>
    <member type="way" ref="193932212" role=""/>
    <member type="way" ref="193932129" role=""/>
    <member type="way" ref="193932196" role=""/>
    <member type="way" ref="193932429" role=""/>
    <member type="way" ref="193932355" role=""/>
    <member type="way" ref="193932519" role=""/>
    <member type="way" ref="193932168" role=""/>
    <member type="way" ref="193932531" role=""/>
    <member type="way" ref="193932306" role=""/>
    <member type="way" ref="193932138" role=""/>
    <member type="way" ref="193932284" role=""/>
    <member type="way" ref="193932546" role=""/>
    <member type="way" ref="193932312" role=""/>
    <member type="way" ref="193932600" role=""/>
    <member type="way" ref="193932166" role=""/>
    <member type="way" ref="193932523" role=""/>
    <member type="way" ref="193932263" role=""/>
    <member type="way" ref="193932570" role=""/>
    <member type="way" ref="193932163" role=""/>
    <member type="way" ref="193932557" role=""/>
    <member type="way" ref="193932277" role=""/>
    <member type="way" ref="193932491" role=""/>
    <member type="way" ref="193932330" role=""/>
    <member type="way" ref="193932576" role=""/>
    <member type="way" ref="193932362" role=""/>
    <member type="way" ref="193932608" role=""/>
    <member type="way" ref="193932295" role=""/>
    <member type="way" ref="193932542" role=""/>
    <member type="way" ref="193932384" role=""/>
    <member type="way" ref="193932488" role=""/>
    <member type="way" ref="193932324" role=""/>
    <member type="way" ref="193932594" role=""/>
    <member type="way" ref="193932188" role=""/>
    <member type="way" ref="193932391" role=""/>
    <member type="way" ref="193932214" role=""/>
    <member type="way" ref="193932396" role=""/>
    <member type="way" ref="193932287" role=""/>
    <member type="way" ref="193932418" role=""/>
    <member type="way" ref="193932326" role=""/>
    <member type="way" ref="193932511" role=""/>
    <member type="way" ref="193932242" role=""/>
    <member type="way" ref="193932441" role=""/>
    <member type="way" ref="169624257" role=""/>
    <member type="way" ref="208908947" role=""/>
    <member type="way" ref="208908948" role=""/>
    <member type="way" ref="208908961" role=""/>
    <member type="way" ref="208908985" role=""/>
    <member type="way" ref="208908940" role=""/>
    <member type="way" ref="208908981" role=""/>
    <member type="way" ref="208908935" role=""/>
    <member type="way" ref="208909008" role=""/>
    <member type="way" ref="208908967" role=""/>
    <member type="way" ref="208908995" role=""/>
    <member type="way" ref="208908950" role=""/>
    <member type="way" ref="208909006" role=""/>
    <member type="way" ref="208908946" role=""/>
    <member type="way" ref="208909000" role=""/>
    <member type="way" ref="208908943" role=""/>
    <member type="way" ref="208909007" role=""/>
    <member type="way" ref="208908941" role=""/>
    <member type="way" ref="208908952" role=""/>
    <member type="way" ref="208908966" role=""/>
    <member type="way" ref="208908986" role=""/>
    <member type="way" ref="208908965" role=""/>
    <member type="way" ref="208908988" role=""/>
    <member type="way" ref="208908936" role=""/>
    <member type="way" ref="208908999" role=""/>
    <member type="way" ref="208908972" role=""/>
    <member type="way" ref="208908991" role=""/>
    <member type="way" ref="208908958" role=""/>
    <member type="way" ref="208909004" role=""/>
    <member type="way" ref="208908962" role=""/>
    <member type="way" ref="208909012" role=""/>
    <member type="way" ref="208908944" role=""/>
    <member type="way" ref="208909015" role=""/>
    <member type="way" ref="208908964" role=""/>
    <member type="way" ref="208908980" role=""/>
    <member type="way" ref="208908976" role=""/>
    <member type="way" ref="208909001" role=""/>
    <member type="way" ref="208908938" role=""/>
    <member type="way" ref="208908990" role=""/>
    <member type="way" ref="208908973" role=""/>
    <member type="way" ref="208908993" role=""/>
    <member type="way" ref="193932331" role=""/>
    <member type="way" ref="193932415" role=""/>
    <member type="way" ref="193932228" role=""/>
    <member type="way" ref="193932538" role=""/>
    <member type="way" ref="193932378" role=""/>
    <member type="way" ref="193932435" role=""/>
    <member type="way" ref="193932345" role=""/>
    <member type="way" ref="193932552" role=""/>
    <member type="way" ref="193932317" role=""/>
    <member type="way" ref="193932424" role=""/>
    <member type="way" ref="193932202" role=""/>
    <member type="way" ref="193932443" role=""/>
    <member type="way" ref="193932308" role=""/>
    <member type="way" ref="193932421" role=""/>
    <member type="way" ref="193932321" role=""/>
    <member type="way" ref="193932292" role=""/>
    <member type="way" ref="193932302" role=""/>
    <member type="way" ref="193932133" role=""/>
    <member type="way" ref="193932226" role=""/>
    <member type="way" ref="193932569" role=""/>
    <member type="way" ref="193932297" role=""/>
    <member type="way" ref="193932448" role=""/>
    <member type="way" ref="193932338" role=""/>
    <member type="way" ref="193932513" role=""/>
    <member type="way" ref="193932304" role=""/>
    <member type="way" ref="193932457" role=""/>
    <member type="way" ref="193932290" role=""/>
    <member type="way" ref="193932494" role=""/>
    <member type="way" ref="193932199" role=""/>
    <member type="way" ref="193932400" role=""/>
    <member type="way" ref="193932366" role=""/>
    <member type="way" ref="193932146" role=""/>
    <member type="way" ref="193932240" role=""/>
    <member type="way" ref="193932592" role=""/>
    <member type="way" ref="193932333" role=""/>
    <member type="way" ref="193932558" role=""/>
    <member type="way" ref="193932207" role=""/>
    <member type="way" ref="193932568" role=""/>
    <member type="way" ref="193932374" role=""/>
    <member type="way" ref="193932119" role=""/>
    <member type="way" ref="193932347" role=""/>
    <member type="way" ref="193932534" role=""/>
    <member type="way" ref="193932371" role=""/>
    <member type="way" ref="193932472" role=""/>
    <member type="way" ref="193932462" role=""/>
    <member type="way" ref="193932510" role=""/>
    <member type="way" ref="193932320" role=""/>
    <member type="way" ref="1289345725" role=""/>
    <member type="way" ref="1289345726" role=""/>
    <member type="way" ref="193932141" role=""/>
    <member type="way" ref="193932161" role=""/>
    <member type="way" ref="193932124" role=""/>
    <member type="way" ref="169624151" role=""/>
    <member type="way" ref="169624184" role=""/>
    <member type="way" ref="169623988" role=""/>
    <member type="way" ref="169624188" role=""/>
    <member type="way" ref="169624067" role=""/>
    <member type="way" ref="169624211" role=""/>
    <member type="way" ref="169624137" role=""/>
    <member type="way" ref="169624232" role=""/>
    <member type="way" ref="169624145" role=""/>
    <member type="way" ref="169623974" role=""/>
    <member type="way" ref="169624139" role=""/>
    <member type="way" ref="169624231" role=""/>
    <member type="way" ref="169624061" role=""/>
    <member type="way" ref="169624162" role=""/>
    <member type="way" ref="169624027" role=""/>
    <member type="way" ref="169624143" role=""/>
    <member type="way" ref="169624141" role=""/>
    <member type="way" ref="169624189" role=""/>
    <member type="way" ref="169624038" role=""/>
    <member type="way" ref="169623963" role=""/>
    <member type="way" ref="169624135" role=""/>
    <member type="way" ref="169624289" role=""/>
    <member type="way" ref="169624055" role=""/>
    <member type="way" ref="169624230" role=""/>
    <member type="way" ref="169624041" role=""/>
    <member type="way" ref="169623965" role=""/>
    <member type="way" ref="169623980" role=""/>
    <member type="way" ref="169623972" role=""/>
    <member type="way" ref="169624090" role=""/>
    <member type="way" ref="169624288" role=""/>
    <member type="way" ref="169624140" role=""/>
    <member type="way" ref="169623971" role=""/>
    <member type="way" ref="169624042" role=""/>
    <member type="way" ref="169624293" role=""/>
    <member type="way" ref="169624149" role=""/>
    <member type="way" ref="169624185" role=""/>
    <member type="way" ref="169624043" role=""/>
    <member type="way" ref="169624261" role=""/>
    <member type="way" ref="169624048" role=""/>
    <member type="way" ref="169624262" role=""/>
    <member type="way" ref="169624071" role=""/>
    <member type="way" ref="169624186" role=""/>
    <member type="way" ref="169624116" role=""/>
    <member type="way" ref="169624209" role=""/>
    <member type="way" ref="169624121" role=""/>
    <member type="way" ref="169624202" role=""/>
    <member type="way" ref="169623985" role=""/>
    <member type="way" ref="169624259" role=""/>
    <member type="way" ref="169624142" role=""/>
    <member type="way" ref="169623964" role=""/>
    <member type="way" ref="169624023" role=""/>
    <member type="way" ref="169624213" role=""/>
    <member type="way" ref="169624018" role=""/>
    <member type="way" ref="169624239" role=""/>
    <member type="way" ref="169624010" role=""/>
    <member type="way" ref="169624276" role=""/>
    <member type="way" ref="169624150" role=""/>
    <member type="way" ref="169624076" role=""/>
    <member type="way" ref="169623984" role=""/>
    <member type="way" ref="169624278" role=""/>
    <member type="way" ref="169624050" role=""/>
    <member type="way" ref="169624177" role=""/>
    <member type="way" ref="183011460" role=""/>
    <member type="way" ref="183011453" role=""/>
    <member type="way" ref="183011461" role=""/>
    <member type="way" ref="183011464" role=""/>
    <member type="way" ref="183011457" role=""/>
    <member type="way" ref="169624254" role=""/>
    <member type="way" ref="183011454" role=""/>
    <member type="way" ref="1080441588" role=""/>
    <member type="way" ref="1080441587" role=""/>
    <member type="way" ref="183011465" role=""/>
    <member type="way" ref="169624000" role=""/>
    <member type="way" ref="169624207" role=""/>
    <member type="way" ref="169624052" role=""/>
    <member type="way" ref="169624233" role=""/>
    <member type="way" ref="169624172" role=""/>
    <member type="way" ref="1287339130" role=""/>
    <member type="way" ref="1287339131" role=""/>
    <member type="way" ref="169623968" role=""/>
    <member type="way" ref="169624109" role=""/>
    <member type="way" ref="1280455950" role=""/>
    <member type="way" ref="1280455949" role=""/>
    <member type="way" ref="169624228" role=""/>
    <member type="way" ref="1280455945" role=""/>
    <member type="way" ref="1280455944" role=""/>
    <member type="way" ref="169623977" role=""/>
    <member type="way" ref="305676873" role=""/>
    <member type="way" ref="305676872" role=""/>
    <member type="way" ref="1280455955" role=""/>
    <member type="way" ref="1280455956" role=""/>
    <member type="way" ref="1280455962" role=""/>
    <member type="way" ref="1280455963" role=""/>
    <member type="way" ref="169624125" role=""/>
    <member type="way" ref="169623975" role=""/>
    <member type="way" ref="312590935" role=""/>
    <member type="way" ref="312590939" role=""/>
    <member type="way" ref="312590937" role=""/>
    <member type="way" ref="395885047" role=""/>
    <member type="way" ref="312590929" role=""/>
    <member type="way" ref="312590927" role=""/>
    <member type="way" ref="312590928" role=""/>
    <member type="way" ref="907793643" role=""/>
    <member type="way" ref="907793641" role=""/>
    <member type="way" ref="113002701" role=""/>
    <member type="way" ref="113002705" role=""/>
    <member type="way" ref="113002696" role=""/>
    <member type="way" ref="113002712" role=""/>
    <member type="way" ref="113002697" role=""/>
    <member type="way" ref="115643054" role=""/>
    <member type="way" ref="115643056" role=""/>
    <member type="way" ref="871709228" role=""/>
    <member type="way" ref="637578990" role=""/>
    <member type="way" ref="637578983" role=""/>
    <member type="way" ref="115643057" role=""/>
    <member type="way" ref="871053985" role=""/>
    <member type="way" ref="871006052" role=""/>
    <member type="way" ref="822071754" role=""/>
    <member type="way" ref="871005985" role=""/>
    <member type="way" ref="871005987" role=""/>
    <member type="way" ref="822000721" role=""/>
    <member type="way" ref="115776401" role=""/>
    <member type="way" ref="115776311" role=""/>
    <member type="way" ref="791639079" role=""/>
    <member type="way" ref="871709235" role=""/>
    <member type="way" ref="791639078" role=""/>
    <member type="way" ref="637578957" role=""/>
    <member type="way" ref="637578969" role=""/>
    <member type="way" ref="454804879" role=""/>
    <member type="way" ref="871709219" role=""/>
    <member type="way" ref="871709220" role=""/>
    <member type="way" ref="871709225" role=""/>
    <member type="way" ref="1109018887" role=""/>
    <member type="way" ref="217311286" role=""/>
    <member type="way" ref="1109018889" role=""/>
    <member type="way" ref="217311284" role=""/>
    <member type="way" ref="217311287" role=""/>
    <member type="way" ref="111461130" role=""/>
    <member type="way" ref="963963646" role=""/>
    <member type="way" ref="963963647" role=""/>
    <member type="way" ref="637578941" role=""/>
    <member type="way" ref="637578944" role=""/>
    <member type="way" ref="182594038" role=""/>
    <member type="way" ref="182594040" role=""/>
    <member type="way" ref="877672338" role=""/>
    <member type="way" ref="182594022" role=""/>
    <member type="way" ref="182594016" role=""/>
    <member type="way" ref="182594027" role=""/>
    <member type="way" ref="877672322" role=""/>
    <member type="way" ref="877672323" role=""/>
    <member type="way" ref="182594014" role=""/>
    <member type="way" ref="182594030" role=""/>
    <member type="way" ref="182594046" role=""/>
    <member type="way" ref="182594029" role=""/>
    <member type="way" ref="877672311" role=""/>
    <member type="way" ref="182594019" role=""/>
    <member type="way" ref="182594028" role=""/>
    <member type="way" ref="182594033" role=""/>
    <member type="way" ref="182594025" role=""/>
    <member type="way" ref="877672302" role=""/>
    <member type="way" ref="877672319" role=""/>
    <member type="way" ref="877672316" role=""/>
    <member type="way" ref="877672309" role=""/>
    <member type="way" ref="877672304" role=""/>
    <member type="way" ref="877672305" role=""/>
    <member type="way" ref="182594039" role=""/>
    <member type="way" ref="111461253" role=""/>
    <member type="way" ref="963864366" role=""/>
    <member type="way" ref="963864365" role=""/>
    <member type="way" ref="111461161" role=""/>
    <member type="way" ref="906079130" role=""/>
    <member type="way" ref="906079129" role=""/>
    <member type="way" ref="111380108" role=""/>
    <member type="way" ref="461210561" role=""/>
    <member type="way" ref="461210562" role=""/>
    <member type="way" ref="232244095" role=""/>
    <member type="way" ref="232244089" role=""/>
    <member type="way" ref="232244097" role=""/>
    <member type="way" ref="637578925" role=""/>
    <member type="way" ref="637578926" role=""/>
    <member type="way" ref="111380247" role=""/>
    <member type="way" ref="874503908" role=""/>
    <member type="way" ref="874503912" role=""/>
    <member type="way" ref="874503915" role=""/>
    <member type="way" ref="874503888" role=""/>
    <member type="way" ref="874503904" role=""/>
    <member type="way" ref="874503903" role=""/>
    <member type="way" ref="874503900" role=""/>
    <member type="way" ref="874503899" role=""/>
    <member type="way" ref="874503897" role=""/>
    <member type="way" ref="874503894" role=""/>
    <member type="way" ref="874503893" role=""/>
    <member type="way" ref="874503891" role=""/>
    <member type="way" ref="874498468" role=""/>
    <member type="way" ref="874498501" role=""/>
    <member type="way" ref="874498504" role=""/>
    <member type="way" ref="874498500" role=""/>
    <member type="way" ref="874498495" role=""/>
    <member type="way" ref="874498494" role=""/>
    <member type="way" ref="874498488" role=""/>
    <member type="way" ref="874498486" role=""/>
    <member type="way" ref="874498471" role=""/>
    <member type="way" ref="874498473" role=""/>
    <member type="way" ref="874498475" role=""/>
    <member type="way" ref="874498478" role=""/>
    <member type="way" ref="874498479" role=""/>
    <member type="way" ref="874498483" role=""/>
    <member type="way" ref="874498481" role=""/>
    <member type="way" ref="877373534" role=""/>
    <member type="way" ref="877373529" role=""/>
    <member type="way" ref="877373535" role=""/>
    <member type="way" ref="877373537" role=""/>
    <member type="way" ref="877373540" role=""/>
    <member type="way" ref="877373543" role=""/>
    <member type="way" ref="877373546" role=""/>
    <member type="way" ref="877373532" role=""/>
    <member type="way" ref="111380199" role=""/>
    <member type="way" ref="102276954" role=""/>
    <member type="way" ref="1289563339" role=""/>
    <member type="way" ref="1289563341" role=""/>
    <member type="way" ref="102277176" role=""/>
    <member type="way" ref="102277083" role=""/>
    <member type="way" ref="102276909" role=""/>
    <member type="way" ref="102277156" role=""/>
    <member type="way" ref="102277010" role=""/>
    <member type="way" ref="232285871" role=""/>
    <member type="way" ref="102277230" role=""/>
    <member type="way" ref="102276936" role=""/>
    <member type="way" ref="954621778" role=""/>
    <member type="way" ref="954621775" role=""/>
    <member type="way" ref="102277202" role=""/>
    <member type="way" ref="954636426" role=""/>
    <member type="way" ref="875636465" role=""/>
    <member type="way" ref="875636467" role=""/>
    <member type="way" ref="102276998" role=""/>
    <member type="way" ref="954636423" role=""/>
    <member type="way" ref="102277090" role=""/>
    <member type="way" ref="102276983" role=""/>
    <member type="way" ref="954636421" role=""/>
    <member type="way" ref="875636451" role=""/>
    <member type="way" ref="875636446" role=""/>
    <member type="way" ref="954636420" role=""/>
    <member type="way" ref="875636444" role=""/>
    <member type="way" ref="102277149" role=""/>
    <member type="way" ref="102276904" role=""/>
    <member type="way" ref="954636417" role=""/>
    <member type="way" ref="875636478" role=""/>
    <member type="way" ref="875636479" role=""/>
    <member type="way" ref="875636475" role=""/>
    <member type="way" ref="954636416" role=""/>
    <member type="way" ref="572421976" role=""/>
    <member type="way" ref="102277209" role=""/>
    <member type="way" ref="1327480073" role=""/>
    <member type="way" ref="1327480072" role=""/>
    <member type="way" ref="102276908" role=""/>
    <member type="way" ref="102277118" role=""/>
    <member type="way" ref="102276968" role=""/>
    <member type="way" ref="1316358620" role=""/>
    <member type="way" ref="874494099" role=""/>
    <member type="way" ref="874494100" role=""/>
    <member type="way" ref="102276991" role=""/>
    <member type="way" ref="952537958" role=""/>
    <member type="way" ref="952537957" role=""/>
    <member type="way" ref="874494094" role=""/>
    <member type="way" ref="874494093" role=""/>
    <member type="way" ref="874494098" role=""/>
    <member type="way" ref="874494095" role=""/>
    <member type="way" ref="313316064" role=""/>
    <member type="way" ref="313316066" role=""/>
    <member type="way" ref="643204435" role=""/>
    <member type="way" ref="750746291" role=""/>
    <member type="way" ref="102276973" role=""/>
    <member type="way" ref="874494070" role=""/>
    <member type="way" ref="102276903" role=""/>
    <member type="way" ref="1280768326" role=""/>
    <member type="way" ref="1280768325" role=""/>
    <member type="way" ref="970256765" role=""/>
    <member type="way" ref="949937446" role=""/>
    <member type="way" ref="949937445" role=""/>
    <member type="way" ref="102277235" role=""/>
    <member type="way" ref="102276921" role=""/>
    <member type="way" ref="102276907" role=""/>
    <member type="way" ref="102277102" role=""/>
    <member type="way" ref="102277146" role=""/>
    <member type="way" ref="102276989" role=""/>
    <member type="way" ref="102209336" role=""/>
    <member type="way" ref="102209353" role=""/>
    <member type="way" ref="1296793048" role=""/>
    <member type="way" ref="1296793046" role=""/>
    <member type="way" ref="102209838" role=""/>
    <member type="way" ref="102209414" role=""/>
    <member type="way" ref="101267861" role=""/>
    <member type="way" ref="101267862" role=""/>
    <member type="way" ref="1289576652" role=""/>
    <member type="way" ref="1289576651" role=""/>
    <member type="way" ref="1289576650" role=""/>
    <member type="way" ref="101267859" role=""/>
    <member type="way" ref="1289576653" role=""/>
    <member type="way" ref="1289579842" role=""/>
    <member type="way" ref="1289579843" role=""/>
    <member type="way" ref="101267884" role=""/>
    <member type="way" ref="101267896" role=""/>
    <member type="way" ref="101267883" role=""/>
    <member type="way" ref="101267880" role=""/>
    <member type="way" ref="1346583768" role=""/>
    <member type="way" ref="1346583767" role=""/>
    <member type="way" ref="101267870" role=""/>
    <member type="way" ref="100773399" role=""/>
    <member type="way" ref="100773389" role=""/>
    <member type="way" ref="1235084849" role=""/>
    <member type="way" ref="1235084850" role=""/>
    <member type="way" ref="1243164423" role=""/>
    <member type="way" ref="1243164425" role=""/>
    <member type="way" ref="1243169583" role=""/>
    <member type="way" ref="1243169585" role=""/>
    <member type="way" ref="1456232130" role=""/>
    <member type="way" ref="1456232131" role=""/>
    <member type="way" ref="218348122" role=""/>
    <member type="way" ref="754413749" role=""/>
    <member type="way" ref="1390507124" role=""/>
    <member type="way" ref="1390507123" role=""/>
    <member type="way" ref="754413752" role=""/>
    <member type="way" ref="100774475" role=""/>
    <member type="way" ref="100774485" role=""/>
    <member type="way" ref="1293002411" role=""/>
    <member type="way" ref="1293002412" role=""/>
    <member type="way" ref="637578914" role=""/>
    <member type="way" ref="637578913" role=""/>
    <member type="way" ref="100774477" role=""/>
    <member type="way" ref="1355905838" role=""/>
    <member type="way" ref="1355905837" role=""/>
    <member type="way" ref="1355905844" role=""/>
    <member type="way" ref="1355905843" role=""/>
    <member type="way" ref="1355905853" role=""/>
    <member type="way" ref="1355905851" role=""/>
    <member type="way" ref="1355905850" role=""/>
    <member type="way" ref="1355905852" role=""/>
    <member type="way" ref="1355905858" role=""/>
    <member type="way" ref="1355905857" role=""/>
    <member type="way" ref="100809351" role=""/>
    <member type="way" ref="100809386" role=""/>
    <member type="way" ref="1355905865" role=""/>
    <member type="way" ref="1355905864" role=""/>
    <member type="way" ref="1356754114" role=""/>
    <member type="way" ref="100809373" role=""/>
    <member type="way" ref="100809403" role=""/>
    <member type="way" ref="100809347" role=""/>
    <member type="way" ref="100809428" role=""/>
    <member type="way" ref="1296613396" role=""/>
    <member type="way" ref="1296613395" role=""/>
    <member type="way" ref="1293028652" role=""/>
    <member type="way" ref="1293028651" role=""/>
    <member type="way" ref="100809338" role=""/>
    <member type="way" ref="406814741" role=""/>
    <member type="way" ref="406814750" role=""/>
    <member type="way" ref="553852217" role=""/>
    <member type="way" ref="553852214" role=""/>
    <member type="way" ref="100809410" role=""/>
    <member type="way" ref="100809376" role=""/>
    <member type="way" ref="1293043333" role=""/>
    <member type="way" ref="1293043334" role=""/>
    <member type="way" ref="553852184" role=""/>
    <member type="way" ref="1355905870" role=""/>
    <member type="way" ref="1355905869" role=""/>
    <member type="way" ref="553852180" role=""/>
    <member type="way" ref="944504952" role=""/>
    <member type="way" ref="944507087" role=""/>
    <member type="way" ref="944507088" role=""/>
    <member type="way" ref="944504951" role=""/>
    <member type="way" ref="100809348" role=""/>
    <member type="way" ref="100809427" role=""/>
    <member type="way" ref="100809408" role=""/>
    <member type="way" ref="100809343" role=""/>
    <member type="way" ref="100809364" role=""/>
    <member type="way" ref="1390507131" role=""/>
    <member type="way" ref="1390507130" role=""/>
    <member type="way" ref="100809421" role=""/>
    <member type="way" ref="28752187" role=""/>
    <member type="way" ref="274056439" role=""/>
    <member type="way" ref="28767169" role=""/>
    <member type="way" ref="28767171" role=""/>
    <member type="way" ref="28767135" role=""/>
    <member type="way" ref="28767138" role=""/>
    <member type="way" ref="944536727" role=""/>
    <member type="way" ref="944536724" role=""/>
    <member type="way" ref="944536723" role=""/>
    <member type="way" ref="944536728" role=""/>
    <member type="way" ref="288700409" role=""/>
    <member type="way" ref="1365976045" role=""/>
    <member type="way" ref="1365976046" role=""/>
    <member type="way" ref="288700407" role=""/>
    <member type="way" ref="1355905881" role=""/>
    <member type="way" ref="1355905880" role=""/>
    <member type="way" ref="754413759" role=""/>
    <member type="way" ref="1290846745" role=""/>
    <member type="way" ref="1290846746" role=""/>
    <member type="way" ref="1390507137" role=""/>
    <member type="way" ref="1390507136" role=""/>
    <member type="way" ref="1355905886" role=""/>
    <member type="way" ref="1355905885" role=""/>
    <member type="way" ref="754413760" role=""/>
    <member type="way" ref="813245236" role=""/>
    <member type="way" ref="813245235" role=""/>
    <member type="way" ref="1292078818" role=""/>
    <member type="way" ref="1292074364" role=""/>
    <member type="way" ref="31417525" role=""/>
    <member type="way" ref="1292276707" role=""/>
    <member type="way" ref="1292276706" role=""/>
    <member type="way" ref="1292278339" role=""/>
    <member type="way" ref="1292278340" role=""/>
    <member type="way" ref="872735037" role=""/>
    <member type="way" ref="1357134670" role=""/>
    <member type="way" ref="1357134668" role=""/>
    <member type="way" ref="1293360434" role=""/>
    <member type="way" ref="872735027" role=""/>
    <member type="way" ref="872735031" role=""/>
    <member type="way" ref="1293360432" role=""/>
    <member type="way" ref="1292283747" role=""/>
    <member type="way" ref="1292283750" role=""/>
    <member type="way" ref="110802057" role=""/>
    <member type="way" ref="1292286473" role=""/>
    <member type="way" ref="1292286472" role=""/>
    <member type="way" ref="1292286477" role=""/>
    <member type="way" ref="1292286476" role=""/>
    <member type="way" ref="110802050" role=""/>
    <member type="way" ref="1292287769" role=""/>
    <member type="way" ref="1292287771" role=""/>
    <member type="way" ref="1360825584" role=""/>
    <member type="way" ref="1360825585" role=""/>
    <member type="way" ref="110802056" role=""/>
    <member type="way" ref="1293355254" role=""/>
    <member type="way" ref="1293355250" role=""/>
    <member type="way" ref="1293355252" role=""/>
    <member type="way" ref="1293355249" role=""/>
    <member type="way" ref="1293353654" role=""/>
    <member type="way" ref="1293353653" role=""/>
    <member type="way" ref="1293353655" role=""/>
    <member type="way" ref="1359288740" role=""/>
    <member type="way" ref="1359288741" role=""/>
    <member type="way" ref="872717852" role=""/>
    <member type="way" ref="872717857" role=""/>
    <member type="way" ref="872717848" role=""/>
    <member type="way" ref="872717847" role=""/>
    <member type="way" ref="872717817" role=""/>
    <member type="way" ref="872717818" role=""/>
    <member type="way" ref="872717815" role=""/>
    <member type="way" ref="872717806" role=""/>
    <member type="way" ref="872717836" role=""/>
    <member type="way" ref="1359285520" role=""/>
    <member type="way" ref="1359285519" role=""/>
    <member type="way" ref="872717833" role=""/>
    <member type="way" ref="872717798" role=""/>
    <member type="way" ref="872717777" role=""/>
    <member type="way" ref="872717791" role=""/>
    <member type="way" ref="872717785" role=""/>
    <member type="way" ref="872717789" role=""/>
    <member type="way" ref="962549338" role=""/>
    <member type="way" ref="962549337" role=""/>
    <member type="way" ref="872717776" role=""/>
    <member type="way" ref="871724325" role=""/>
    <member type="way" ref="871724326" role=""/>
    <member type="way" ref="872717812" role=""/>
    <member type="way" ref="872717823" role=""/>
    <member type="way" ref="872717821" role=""/>
    <member type="way" ref="110802041" role=""/>
    <member type="way" ref="871709240" role=""/>
    <member type="way" ref="871709239" role=""/>
    <member type="way" ref="26684625" role=""/>
    <member type="way" ref="26684725" role=""/>
    <member type="way" ref="26684726" role=""/>
    <member type="way" ref="26684942" role=""/>
    <member type="way" ref="952857575" role=""/>
    <member type="way" ref="952857574" role=""/>
    <member type="way" ref="871709256" role=""/>
    <member type="way" ref="871709255" role=""/>
    <member type="way" ref="26684914" role=""/>
    <member type="way" ref="42775284" role=""/>
    <member type="way" ref="26685077" role=""/>
    <member type="way" ref="871709263" role=""/>
    <member type="way" ref="27123729" role=""/>
    <member type="way" ref="26687206" role=""/>
    <member type="way" ref="26683971" role=""/>
    <member type="way" ref="361582589" role=""/>
    <member type="way" ref="361582590" role=""/>
    <member type="way" ref="26659625" role=""/>
    <member type="way" ref="26659667" role=""/>
    <member type="way" ref="26659670" role=""/>
    <member type="way" ref="26659704" role=""/>
    <member type="way" ref="26662237" role=""/>
    <member type="way" ref="26662238" role=""/>
    <member type="way" ref="26662240" role=""/>
    <member type="way" ref="26662245" role=""/>
    <member type="way" ref="1298061839" role=""/>
    <member type="way" ref="1298494545" role=""/>
    <member type="way" ref="42777069" role=""/>
    <member type="way" ref="42777064" role=""/>
    <member type="way" ref="1298061840" role=""/>
    <member type="way" ref="42777065" role=""/>
    <member type="way" ref="42777062" role=""/>
    <member type="way" ref="42777063" role=""/>
    <member type="way" ref="42778265" role=""/>
    <member type="way" ref="87385519" role=""/>
    <member type="way" ref="96067952" role=""/>
    <member type="way" ref="96067954" role=""/>
    <member type="way" ref="908541089" role=""/>
    <member type="way" ref="908541088" role=""/>
    <member type="way" ref="908541085" role=""/>
    <member type="way" ref="908541084" role=""/>
    <member type="way" ref="96067953" role=""/>
    <member type="way" ref="387687048" role=""/>
    <member type="way" ref="206020069" role=""/>
    <member type="way" ref="849453382" role=""/>
    <member type="way" ref="206020076" role=""/>
    <member type="way" ref="762271852" role=""/>
    <member type="way" ref="762271853" role=""/>
    <member type="way" ref="206020071" role=""/>
    <member type="way" ref="206020078" role=""/>
    <member type="way" ref="206020064" role=""/>
    <member type="way" ref="206020081" role=""/>
    <member type="way" ref="96330890" role=""/>
    <member type="way" ref="96330901" role=""/>
    <member type="way" ref="96115452" role=""/>
    <member type="way" ref="96115515" role=""/>
    <member type="way" ref="96115491" role=""/>
    <member type="way" ref="96115497" role=""/>
    <member type="way" ref="96115386" role=""/>
    <member type="way" ref="96115518" role=""/>
    <member type="way" ref="96115511" role=""/>
    <member type="way" ref="96115415" role=""/>
    <member type="way" ref="96232707" role=""/>
    <member type="way" ref="96233054" role=""/>
    <member type="way" ref="96232931" role=""/>
    <member type="way" ref="96232956" role=""/>
    <member type="way" ref="96232828" role=""/>
    <member type="way" ref="96232988" role=""/>
    <member type="way" ref="96233043" role=""/>
    <member type="way" ref="96232782" role=""/>
    <member type="way" ref="96232980" role=""/>
    <member type="way" ref="96232750" role=""/>
    <member type="way" ref="96232912" role=""/>
    <member type="way" ref="96232855" role=""/>
    <member type="way" ref="96232797" role=""/>
    <member type="way" ref="96232924" role=""/>
    <member type="way" ref="96232720" role=""/>
    <member type="way" ref="96232977" role=""/>
    <member type="way" ref="1298059406" role=""/>
    <member type="way" ref="1298059404" role=""/>
    <member type="way" ref="96232694" role=""/>
    <member type="way" ref="96232744" role=""/>
    <member type="way" ref="96233023" role=""/>
    <member type="way" ref="96232840" role=""/>
    <member type="way" ref="96232738" role=""/>
    <member type="way" ref="96233013" role=""/>
    <member type="way" ref="827620308" role=""/>
    <member type="way" ref="827620311" role=""/>
    <member type="way" ref="96232691" role=""/>
    <member type="way" ref="96115436" role=""/>
    <member type="way" ref="96115412" role=""/>
    <member type="way" ref="827618659" role=""/>
    <member type="way" ref="827613586" role=""/>
    <member type="way" ref="827613587" role=""/>
    <member type="way" ref="571469307" role=""/>
    <member type="way" ref="571469311" role=""/>
    <member type="way" ref="96115422" role=""/>
    <member type="way" ref="96115396" role=""/>
    <member type="way" ref="988542628" role=""/>
    <member type="way" ref="988542629" role=""/>
    <member type="way" ref="166301665" role=""/>
    <member type="way" ref="988196891" role=""/>
    <member type="way" ref="988196890" role=""/>
    <member type="way" ref="166301676" role=""/>
    <member type="way" ref="166301670" role=""/>
    <member type="way" ref="166301659" role=""/>
    <member type="way" ref="166301663" role=""/>
    <member type="way" ref="166301678" role=""/>
    <member type="way" ref="166301664" role=""/>
    <member type="way" ref="166301674" role=""/>
    <member type="way" ref="166301669" role=""/>
    <member type="way" ref="116135574" role=""/>
    <member type="way" ref="993622165" role=""/>
    <member type="way" ref="993622164" role=""/>
    <member type="way" ref="239841453" role=""/>
    <member type="way" ref="239841454" role=""/>
    <member type="way" ref="116135553" role=""/>
    <member type="way" ref="116135571" role=""/>
    <member type="way" ref="116135548" role=""/>
    <member type="way" ref="116135564" role=""/>
    <member type="way" ref="684575323" role=""/>
    <member type="way" ref="116135562" role=""/>
    <member type="way" ref="988571742" role=""/>
    <member type="way" ref="988571741" role=""/>
    <member type="way" ref="116135580" role=""/>
    <member type="way" ref="987264081" role=""/>
    <member type="way" ref="987264080" role=""/>
    <member type="way" ref="987595593" role=""/>
    <member type="way" ref="987595592" role=""/>
    <member type="way" ref="987595587" role=""/>
    <member type="way" ref="988570813" role=""/>
    <member type="way" ref="996647722" role=""/>
    <member type="way" ref="996647721" role=""/>
    <member type="way" ref="988570812" role=""/>
    <member type="way" ref="987595588" role=""/>
    <member type="way" ref="206020068" role=""/>
    <member type="way" ref="206020082" role=""/>
    <member type="way" ref="988538908" role=""/>
    <member type="way" ref="988538907" role=""/>
    <member type="way" ref="166069852" role=""/>
    <member type="way" ref="96232991" role=""/>
    <member type="way" ref="96233001" role=""/>
    <member type="way" ref="993261011" role=""/>
    <member type="way" ref="166069849" role=""/>
    <member type="way" ref="96232906" role=""/>
    <member type="way" ref="96232817" role=""/>
    <member type="way" ref="96232768" role=""/>
    <member type="way" ref="96232918" role=""/>
    <member type="way" ref="96232802" role=""/>
    <member type="way" ref="96232682" role=""/>
    <member type="way" ref="96294076" role=""/>
    <member type="way" ref="96294024" role=""/>
    <member type="way" ref="96294080" role=""/>
    <member type="way" ref="1357700115" role=""/>
    <member type="way" ref="1357700117" role=""/>
    <member type="way" ref="96294087" role=""/>
    <member type="way" ref="96294071" role=""/>
    <member type="way" ref="96294016" role=""/>
    <member type="way" ref="96294079" role=""/>
    <member type="way" ref="96294060" role=""/>
    <member type="way" ref="96294082" role=""/>
    <member type="way" ref="96294045" role=""/>
    <member type="way" ref="96294021" role=""/>
    <member type="way" ref="96294011" role=""/>
    <member type="way" ref="96294032" role=""/>
    <member type="way" ref="96294026" role=""/>
    <member type="way" ref="206159206" role=""/>
    <member type="way" ref="206159205" role=""/>
    <member type="way" ref="993252916" role=""/>
    <member type="way" ref="993252915" role=""/>
    <member type="way" ref="993252912" role=""/>
    <member type="way" ref="993252911" role=""/>
    <member type="way" ref="206159201" role=""/>
    <member type="way" ref="206159204" role=""/>
    <member type="way" ref="206159199" role=""/>
    <member type="way" ref="387687627" role=""/>
    <member type="way" ref="206159192" role=""/>
    <member type="way" ref="206159200" role=""/>
    <member type="way" ref="206159194" role=""/>
    <member type="way" ref="116168448" role=""/>
    <member type="way" ref="116168444" role=""/>
    <member type="way" ref="571469270" role=""/>
    <member type="way" ref="571469274" role=""/>
    <member type="way" ref="116168442" role=""/>
    <member type="way" ref="116344440" role=""/>
    <member type="way" ref="982718107" role=""/>
    <member type="way" ref="1355343829" role=""/>
    <member type="way" ref="1355343830" role=""/>
    <member type="way" ref="982718108" role=""/>
    <member type="way" ref="985568335" role=""/>
    <member type="way" ref="985568334" role=""/>
    <member type="way" ref="981184210" role=""/>
    <member type="way" ref="981184211" role=""/>
    <member type="way" ref="218348061" role=""/>
    <member type="way" ref="218348054" role=""/>
    <member type="way" ref="218348058" role=""/>
    <member type="way" ref="571469245" role=""/>
    <member type="way" ref="571469241" role=""/>
    <member type="way" ref="218348056" role=""/>
    <member type="way" ref="981230104" role=""/>
    <member type="way" ref="981230103" role=""/>
    <member type="way" ref="981227631" role=""/>
    <member type="way" ref="981227630" role=""/>
    <member type="way" ref="981227635" role=""/>
    <member type="way" ref="981227625" role=""/>
    <member type="way" ref="981227624" role=""/>
    <member type="way" ref="985702807" role=""/>
    <member type="way" ref="985702806" role=""/>
    <member type="way" ref="1028738564" role=""/>
    <member type="way" ref="336719720" role=""/>
    <member type="way" ref="1043418012" role=""/>
    <member type="way" ref="1043418011" role=""/>
    <member type="way" ref="1043412129" role=""/>
    <member type="way" ref="665563466" role=""/>
    <member type="way" ref="1043412130" role=""/>
    <member type="way" ref="1043412131" role=""/>
    <member type="way" ref="1053277388" role=""/>
    <member type="way" ref="665563462" role=""/>
    <member type="way" ref="242787118" role=""/>
    <member type="way" ref="636098188" role=""/>
    <member type="way" ref="636098189" role=""/>
    <member type="way" ref="389967190" role=""/>
    <member type="way" ref="389967191" role=""/>
    <member type="way" ref="44886087" role=""/>
    <member type="way" ref="258105019" role=""/>
    <member type="way" ref="258105022" role=""/>
    <member type="way" ref="44886092" role=""/>
    <member type="way" ref="258105020" role=""/>
    <member type="way" ref="258105018" role=""/>
    <member type="way" ref="44889419" role=""/>
    <member type="way" ref="44889417" role=""/>
    <member type="way" ref="44889418" role=""/>
    <member type="way" ref="258105021" role=""/>
    <member type="way" ref="258105023" role=""/>
    <member type="way" ref="44886109" role=""/>
    <member type="way" ref="383730672" role=""/>
    <member type="way" ref="44886094" role=""/>
    <member type="way" ref="44886096" role=""/>
    <member type="way" ref="44886111" role=""/>
    <member type="way" ref="44886099" role=""/>
    <member type="way" ref="387420047" role=""/>
    <member type="way" ref="850752424" role=""/>
    <member type="way" ref="44886100" role=""/>
    <member type="way" ref="44886101" role=""/>
    <member type="way" ref="751071339" role=""/>
    <member type="way" ref="44886104" role=""/>
    <member type="way" ref="751071335" role=""/>
    <member type="way" ref="44886105" role=""/>
    <member type="way" ref="666588410" role=""/>
    <member type="way" ref="129815381" role=""/>
    <member type="way" ref="44886115" role=""/>
    <member type="way" ref="44886116" role=""/>
    <member type="way" ref="239177368" role=""/>
    <member type="way" ref="1353575337" role=""/>
    <member type="way" ref="1353575343" role=""/>
    <member type="way" ref="1353575342" role=""/>
    <member type="way" ref="1353575340" role=""/>
    <member type="way" ref="1353575341" role=""/>
    <member type="way" ref="1353575336" role=""/>
    <member type="way" ref="44886117" role=""/>
    <member type="way" ref="44886119" role=""/>
    <member type="way" ref="1073679103" role=""/>
    <member type="way" ref="667185206" role=""/>
    <member type="way" ref="1353575335" role=""/>
    <member type="way" ref="1353575334" role=""/>
    <member type="way" ref="1353575333" role=""/>
    <member type="way" ref="1038180947" role=""/>
    <member type="way" ref="1038173689" role=""/>
    <member type="way" ref="1038173680" role=""/>
    <member type="way" ref="1038173681" role=""/>
    <member type="way" ref="1038173684" role=""/>
    <member type="way" ref="1038173685" role=""/>
    <member type="way" ref="1353388495" role=""/>
    <member type="way" ref="1353388494" role=""/>
    <member type="way" ref="386520060" role=""/>
    <member type="way" ref="1038169914" role=""/>
    <member type="way" ref="1038169915" role=""/>
    <member type="way" ref="1038173692" role=""/>
    <member type="way" ref="1038173693" role=""/>
    <member type="way" ref="198347332" role=""/>
    <member type="way" ref="1038173690" role=""/>
    <member type="way" ref="1038173691" role=""/>
    <member type="way" ref="44886128" role=""/>
    <member type="way" ref="1353399486" role=""/>
    <member type="way" ref="1353399485" role=""/>
    <member type="way" ref="44886125" role=""/>
    <member type="way" ref="239177371" role=""/>
    <member type="way" ref="1038173688" role=""/>
    <member type="way" ref="1038173683" role=""/>
    <member type="way" ref="1038173682" role=""/>
    <member type="way" ref="1353388496" role=""/>
    <member type="way" ref="1038169916" role=""/>
    <member type="way" ref="239177370" role=""/>
    <member type="way" ref="239177369" role=""/>
    <member type="way" ref="244255797" role=""/>
    <member type="way" ref="244255798" role=""/>
    <member type="way" ref="1040109855" role=""/>
    <member type="way" ref="732127039" role=""/>
    <member type="way" ref="732127040" role=""/>
    <member type="way" ref="1040109854" role=""/>
    <member type="way" ref="793695364" role=""/>
    <member type="way" ref="793372351" role=""/>
    <member type="way" ref="69408016" role=""/>
    <member type="way" ref="387802273" role=""/>
    <member type="way" ref="851036024" role=""/>
    <member type="way" ref="198347318" role=""/>
    <member type="way" ref="1090653949" role=""/>
    <member type="way" ref="1354580400" role=""/>
    <member type="way" ref="312127044" role=""/>
    <member type="way" ref="1121689441" role=""/>
    <member type="way" ref="1121689442" role=""/>
    <member type="way" ref="1121689443" role=""/>
    <member type="way" ref="1121689444" role=""/>
    <member type="way" ref="1121689445" role=""/>
    <member type="way" ref="1121689446" role=""/>
    <member type="way" ref="1121689452" role=""/>
    <member type="way" ref="1121689448" role=""/>
    <member type="way" ref="1121689447" role=""/>
    <member type="way" ref="1121689450" role=""/>
    <member type="way" ref="1121689449" role=""/>
    <member type="way" ref="1121689451" role=""/>
    <member type="way" ref="1121689454" role=""/>
    <member type="way" ref="1121689453" role=""/>
    <member type="way" ref="1121689456" role=""/>
    <member type="way" ref="1121689455" role=""/>
    <member type="way" ref="239177366" role=""/>
    <member type="way" ref="239177364" role=""/>
    <member type="way" ref="1354907374" role=""/>
    <member type="way" ref="239177367" role=""/>
    <member type="way" ref="1354907375" role=""/>
    <member type="way" ref="1354907373" role=""/>
    <member type="way" ref="197997712" role=""/>
    <member type="way" ref="228977888" role=""/>
    <member type="way" ref="1354907372" role=""/>
    <member type="way" ref="1354907370" role=""/>
    <member type="way" ref="1354907371" role=""/>
    <member type="way" ref="1354867102" role=""/>
    <member type="way" ref="1354867116" role=""/>
    <member type="way" ref="1354867115" role=""/>
    <member type="way" ref="1354867103" role=""/>
    <member type="way" ref="1354867108" role=""/>
    <member type="way" ref="1354867110" role=""/>
    <member type="way" ref="1354867094" role=""/>
    <member type="way" ref="1354869548" role=""/>
    <member type="way" ref="1354869553" role=""/>
    <member type="way" ref="1354869549" role=""/>
    <member type="way" ref="1354867093" role=""/>
    <member type="way" ref="1354867090" role=""/>
    <member type="way" ref="1354867109" role=""/>
    <member type="way" ref="1354867107" role=""/>
    <member type="way" ref="1354867104" role=""/>
    <member type="way" ref="1354867113" role=""/>
    <member type="way" ref="1354867114" role=""/>
    <member type="way" ref="1354867101" role=""/>
    <member type="way" ref="1354867092" role=""/>
    <member type="way" ref="1354867091" role=""/>
    <member type="way" ref="386520066" role=""/>
    <member type="way" ref="386520061" role=""/>
    <member type="way" ref="1354911222" role=""/>
    <member type="way" ref="136295994" role=""/>
    <member type="way" ref="1354911224" role=""/>
    <member type="way" ref="1354911223" role=""/>
    <member type="way" ref="239068593" role=""/>
    <member type="way" ref="1450640957" role=""/>
    <member type="way" ref="1450640956" role=""/>
    <member type="way" ref="1450640958" role=""/>
    <member type="way" ref="1313324044" role=""/>
    <member type="way" ref="1313324038" role=""/>
    <member type="way" ref="1313324039" role=""/>
    <member type="way" ref="1313324043" role=""/>
    <member type="way" ref="242241335" role=""/>
    <member type="way" ref="1138681297" role=""/>
    <member type="way" ref="1138681296" role=""/>
    <member type="way" ref="1138681301" role=""/>
    <member type="way" ref="1138681300" role=""/>
    <member type="way" ref="1138681306" role=""/>
    <member type="way" ref="1138681305" role=""/>
    <member type="way" ref="1138681311" role=""/>
    <member type="way" ref="1313324047" role=""/>
    <member type="way" ref="1313324046" role=""/>
    <member type="way" ref="1138681310" role=""/>
    <member type="way" ref="1138678004" role=""/>
    <member type="way" ref="1142097822" role=""/>
    <member type="way" ref="1142097821" role=""/>
    <member type="way" ref="1453527658" role=""/>
    <member type="way" ref="1453527660" role=""/>
    <member type="way" ref="1138678003" role=""/>
    <member type="way" ref="1138676635" role=""/>
    <member type="way" ref="1138676639" role=""/>
    <member type="way" ref="1138676638" role=""/>
    <member type="way" ref="572694455" role=""/>
    <member type="way" ref="1138676644" role=""/>
    <member type="way" ref="1138676643" role=""/>
    <member type="way" ref="1138676646" role=""/>
    <member type="way" ref="1138676645" role=""/>
    <member type="way" ref="572694445" role=""/>
    <member type="way" ref="1138670697" role=""/>
    <member type="way" ref="1138670696" role=""/>
    <member type="way" ref="289052045" role=""/>
    <member type="way" ref="1138670700" role=""/>
    <member type="way" ref="1138670699" role=""/>
    <member type="way" ref="793372350" role=""/>
    <member type="way" ref="1450647728" role=""/>
    <member type="way" ref="572694482" role=""/>
    <member type="way" ref="572694471" role=""/>
    <member type="way" ref="1138658703" role=""/>
    <member type="way" ref="1138658702" role=""/>
    <member type="way" ref="572694472" role=""/>
    <member type="way" ref="572694481" role=""/>
    <member type="way" ref="386397328" role=""/>
    <member type="way" ref="1138652119" role=""/>
    <member type="way" ref="1138652118" role=""/>
    <member type="way" ref="1138652123" role=""/>
    <member type="way" ref="1138652122" role=""/>
    <member type="way" ref="1138652127" role=""/>
    <member type="way" ref="1138652126" role=""/>
    <member type="way" ref="44722325" role=""/>
    <member type="way" ref="289052167" role=""/>
    <member type="way" ref="1138644378" role=""/>
    <member type="way" ref="1138644377" role=""/>
    <member type="way" ref="1138644381" role=""/>
    <member type="way" ref="1138644380" role=""/>
    <member type="way" ref="289052033" role=""/>
    <member type="way" ref="289052042" role=""/>
    <member type="way" ref="289052027" role=""/>
    <member type="way" ref="611988018" role=""/>
    <member type="way" ref="1313324042" role=""/>
    <member type="way" ref="1313324036" role=""/>
    <member type="way" ref="1313324037" role=""/>
    <member type="way" ref="1313324041" role=""/>
    <member type="way" ref="289052019" role=""/>
    <member type="way" ref="1138681294" role=""/>
    <member type="way" ref="1138681295" role=""/>
    <member type="way" ref="1138681298" role=""/>
    <member type="way" ref="1138681299" role=""/>
    <member type="way" ref="1138681303" role=""/>
    <member type="way" ref="1138681304" role=""/>
    <member type="way" ref="1138681308" role=""/>
    <member type="way" ref="1313324049" role=""/>
    <member type="way" ref="1313324048" role=""/>
    <member type="way" ref="1138681309" role=""/>
    <member type="way" ref="1138678001" role=""/>
    <member type="way" ref="1142097819" role=""/>
    <member type="way" ref="1142097820" role=""/>
    <member type="way" ref="1453527657" role=""/>
    <member type="way" ref="1453527659" role=""/>
    <member type="way" ref="1138678002" role=""/>
    <member type="way" ref="1138676636" role=""/>
    <member type="way" ref="289052017" role=""/>
    <member type="way" ref="1138676637" role=""/>
    <member type="way" ref="1138676641" role=""/>
    <member type="way" ref="1138676642" role=""/>
    <member type="way" ref="572694450" role=""/>
    <member type="way" ref="1138676647" role=""/>
    <member type="way" ref="1138676648" role=""/>
    <member type="way" ref="572694441" role=""/>
    <member type="way" ref="1138670694" role=""/>
    <member type="way" ref="1138670695" role=""/>
    <member type="way" ref="289052020" role=""/>
    <member type="way" ref="1138670701" role=""/>
    <member type="way" ref="1138670702" role=""/>
    <member type="way" ref="289052041" role=""/>
    <member type="way" ref="294559085" role=""/>
    <member type="way" ref="611988020" role=""/>
    <member type="way" ref="611988019" role=""/>
    <member type="way" ref="289052023" role=""/>
    <member type="way" ref="289052040" role=""/>
    <member type="way" ref="289052036" role=""/>
    <member type="way" ref="1138644383" role=""/>
    <member type="way" ref="1138644382" role=""/>
    <member type="way" ref="289052179" role=""/>
    <member type="way" ref="1138644376" role=""/>
    <member type="way" ref="1138644375" role=""/>
    <member type="way" ref="289052026" role=""/>
    <member type="way" ref="1138652129" role=""/>
    <member type="way" ref="1138652128" role=""/>
    <member type="way" ref="1138652125" role=""/>
    <member type="way" ref="1138652124" role=""/>
    <member type="way" ref="1138652121" role=""/>
    <member type="way" ref="1138652120" role=""/>
    <member type="way" ref="572694483" role=""/>
    <member type="way" ref="572694480" role=""/>
    <member type="way" ref="572694474" role=""/>
    <member type="way" ref="1138658701" role=""/>
    <member type="way" ref="1138658700" role=""/>
    <member type="way" ref="572694473" role=""/>
    <member type="way" ref="386397329" role=""/>
    <member type="way" ref="1450647727" role=""/>
    <member type="way" ref="289052184" role=""/>
    <member type="way" ref="44722323" role=""/>
    <member type="way" ref="386390123" role=""/>
    <member type="way" ref="386390126" role=""/>
    <member type="way" ref="386390124" role=""/>
    <member type="way" ref="1024796518" role=""/>
    <member type="way" ref="1302483938" role=""/>
    <member type="way" ref="1024796519" role=""/>
    <member type="way" ref="1135139792" role=""/>
    <member type="way" ref="1135139793" role=""/>
    <member type="way" ref="1135139804" role=""/>
    <member type="way" ref="1142114920" role=""/>
    <member type="way" ref="1142114917" role=""/>
    <member type="way" ref="1135139805" role=""/>
    <member type="way" ref="386390143" role=""/>
    <member type="way" ref="1141885756" role=""/>
    <member type="way" ref="1141885755" role=""/>
    <member type="way" ref="386390133" role=""/>
    <member type="way" ref="386390130" role=""/>
    <member type="way" ref="386390135" role=""/>
    <member type="way" ref="1140719462" role=""/>
    <member type="way" ref="1140719463" role=""/>
    <member type="way" ref="386390140" role=""/>
    <member type="way" ref="611197747" role=""/>
    <member type="way" ref="387479829" role=""/>
    <member type="way" ref="636366607" role=""/>
    <member type="way" ref="226284064" role=""/>
    <member type="way" ref="977963762" role=""/>
    <member type="way" ref="977963761" role=""/>
    <member type="way" ref="977963764" role=""/>
    <member type="way" ref="977963763" role=""/>
    <member type="way" ref="611197746" role=""/>
    <member type="way" ref="977963759" role=""/>
    <member type="way" ref="977963760" role=""/>
    <member type="way" ref="977963758" role=""/>
    <member type="way" ref="977963757" role=""/>
    <member type="way" ref="977963755" role=""/>
    <member type="way" ref="977975337" role=""/>
    <member type="way" ref="977975334" role=""/>
    <member type="way" ref="977975328" role=""/>
    <member type="way" ref="977975329" role=""/>
    <member type="way" ref="977975330" role=""/>
    <member type="way" ref="271722751" role=""/>
    <member type="way" ref="52116572" role=""/>
    <member type="way" ref="271956454" role=""/>
    <member type="way" ref="271956452" role=""/>
    <member type="way" ref="271957589" role=""/>
    <member type="way" ref="271957591" role=""/>
    <member type="way" ref="271956451" role=""/>
    <member type="way" ref="271684167" role=""/>
    <member type="way" ref="272518854" role=""/>
    <member type="way" ref="52116570" role=""/>
    <member type="way" ref="52116569" role=""/>
    <member type="way" ref="52116567" role=""/>
    <member type="way" ref="52116566" role=""/>
    <member type="way" ref="52116564" role=""/>
    <member type="way" ref="44769003" role=""/>
    <member type="way" ref="344452139" role=""/>
    <member type="way" ref="344452136" role=""/>
    <member type="way" ref="132242413" role=""/>
    <member type="way" ref="132242412" role=""/>
    <member type="way" ref="345009374" role=""/>
    <member type="way" ref="110534219" role=""/>
    <member type="way" ref="1267332667" role=""/>
    <member type="way" ref="1037096778" role=""/>
    <member type="way" ref="1037096779" role=""/>
    <member type="way" ref="340205940" role=""/>
    <member type="way" ref="1051471729" role=""/>
    <member type="way" ref="1051471728" role=""/>
    <member type="way" ref="1037105413" role=""/>
    <member type="way" ref="1037105414" role=""/>
    <member type="way" ref="340205942" role=""/>
    <member type="way" ref="44880823" role=""/>
    <member type="way" ref="346053060" role=""/>
    <member type="way" ref="1037268597" role=""/>
    <member type="way" ref="1037272737" role=""/>
    <member type="way" ref="1037272736" role=""/>
    <member type="way" ref="44880787" role=""/>
    <member type="way" ref="662679410" role=""/>
    <member type="way" ref="662679409" role=""/>
    <member type="way" ref="1037290359" role=""/>
    <member type="way" ref="1037290358" role=""/>
    <member type="way" ref="1037296360" role=""/>
    <member type="way" ref="1037296359" role=""/>
    <member type="way" ref="288178184" role=""/>
    <member type="way" ref="44880805" role=""/>
    <member type="way" ref="1051484913" role=""/>
    <member type="way" ref="1051484914" role=""/>
    <member type="way" ref="754022356" role=""/>
    <member type="way" ref="754022355" role=""/>
    <member type="way" ref="754006228" role=""/>
    <member type="way" ref="557027064" role=""/>
    <member type="way" ref="557027065" role=""/>
    <member type="way" ref="557027066" role=""/>
    <member type="way" ref="557027067" role=""/>
    <member type="way" ref="557027072" role=""/>
    <member type="way" ref="557027073" role=""/>
    <member type="way" ref="557027080" role=""/>
    <member type="way" ref="557027082" role=""/>
    <member type="way" ref="133755842" role=""/>
    <member type="way" ref="977963756" role=""/>
    <member type="way" ref="977975338" role=""/>
    <member type="way" ref="977975335" role=""/>
    <member type="way" ref="1013045596" role=""/>
    <member type="way" ref="1037875037" role=""/>
    <member type="way" ref="977975336" role=""/>
    <member type="way" ref="52116579" role=""/>
    <member type="way" ref="52116578" role=""/>
    <member type="way" ref="977975333" role=""/>
    <member type="way" ref="395997752" role=""/>
    <member type="way" ref="1135116794" role=""/>
    <member type="way" ref="1140719461" role=""/>
    <member type="way" ref="1140719460" role=""/>
    <member type="way" ref="386390134" role=""/>
    <member type="way" ref="386390129" role=""/>
    <member type="way" ref="386390132" role=""/>
    <member type="way" ref="1141885757" role=""/>
    <member type="way" ref="1141885758" role=""/>
    <member type="way" ref="386390142" role=""/>
    <member type="way" ref="1135139802" role=""/>
    <member type="way" ref="1142114918" role=""/>
    <member type="way" ref="1142114919" role=""/>
    <member type="way" ref="1135139803" role=""/>
    <member type="way" ref="698799584" role=""/>
    <member type="way" ref="169977237" role=""/>
    <member type="way" ref="237999886" role=""/>
    <member type="way" ref="1467793954" role=""/>
    <member type="way" ref="237999889" role=""/>
    <member type="way" ref="237999887" role=""/>
    <member type="way" ref="1222270253" role=""/>
    <member type="way" ref="1222270254" role=""/>
    <member type="way" ref="237999888" role=""/>
    <member type="way" ref="237999914" role=""/>
    <member type="way" ref="237999913" role=""/>
    <member type="way" ref="916572565" role=""/>
    <member type="way" ref="916572566" role=""/>
    <member type="way" ref="198312321" role=""/>
    <member type="way" ref="1122285284" role=""/>
    <member type="way" ref="1122285283" role=""/>
    <member type="way" ref="636102019" role=""/>
    <member type="way" ref="636102021" role=""/>
    <member type="way" ref="1122285282" role=""/>
    <member type="way" ref="1122285281" role=""/>
    <member type="way" ref="1122288157" role=""/>
    <member type="way" ref="1122288158" role=""/>
    <member type="way" ref="1127966797" role=""/>
    <member type="way" ref="1127966798" role=""/>
    <member type="way" ref="318947947" role=""/>
    <member type="way" ref="1122421826" role=""/>
    <member type="way" ref="1122421827" role=""/>
    <member type="way" ref="1122421830" role=""/>
    <member type="way" ref="1122421832" role=""/>
    <member type="way" ref="1122421828" role=""/>
    <member type="way" ref="1122421829" role=""/>
    <member type="way" ref="1122421831" role=""/>
    <member type="way" ref="662336238" role=""/>
    <member type="way" ref="1122424625" role=""/>
    <member type="way" ref="1122424626" role=""/>
    <member type="way" ref="1122424624" role=""/>
    <member type="way" ref="1122424623" role=""/>
    <member type="way" ref="1122424622" role=""/>
    <member type="way" ref="1122424627" role=""/>
    <member type="way" ref="662336239" role=""/>
    <member type="way" ref="1122424621" role=""/>
    <member type="way" ref="1122424620" role=""/>
    <member type="way" ref="1122424617" role=""/>
    <member type="way" ref="318947946" role=""/>
    <member type="way" ref="1122432922" role=""/>
    <member type="way" ref="1122432924" role=""/>
    <member type="way" ref="237996486" role=""/>
    <member type="way" ref="1122432923" role=""/>
    <member type="way" ref="237996485" role=""/>
    <member type="way" ref="1122439075" role=""/>
    <member type="way" ref="1122439077" role=""/>
    <member type="way" ref="1122439076" role=""/>
    <member type="way" ref="44884391" role=""/>
    <member type="way" ref="1122444811" role=""/>
    <member type="way" ref="1122444809" role=""/>
    <member type="way" ref="1122444808" role=""/>
    <member type="way" ref="237996396" role=""/>
    <member type="way" ref="1122285285" role=""/>
    <member type="way" ref="237996395" role=""/>
    <member type="way" ref="1043633838" role=""/>
    <member type="way" ref="44884401" role=""/>
    <member type="way" ref="69260685" role=""/>
    <member type="way" ref="1043636676" role=""/>
    <member type="way" ref="1043633837" role=""/>
    <member type="way" ref="44884411" role=""/>
    <member type="way" ref="44886083" role=""/>
    <member type="way" ref="336719719" role=""/>
    <member type="way" ref="1354580399" role=""/>
    <tag k="name" v="Asian Highway AH1"/>
    <tag k="name:en" v="Asian Highway AH1"/>
    <tag k="name:hi" v="एशियाई राजमार्ग १"/>
    <tag k="name:ko" v="아시안 하이웨이 1호선"/>
    <tag k="network" v="AsianHighway"/>
    <tag k="ref" v="AH1"/>
    <tag k="route" v="road"/>
    <tag k="section" v="India"/>
    <tag k="type" v="route"/>
    <tag k="wikidata" v="Q59511924"/>
  </relation>
  <relation id="8428026" version="10" timestamp="2024-03-31T07:18:03Z" changeset="149378045" uid="91490" user="Heinz_V">
    <member type="way" ref="63223277" role=""/>
    <member type="way" ref="63595436" role=""/>
    <member type="way" ref="395885015" role=""/>
    <member type="way" ref="86627060" role=""/>
    <member type="way" ref="65477963" role=""/>
    <member type="way" ref="65477943" role=""/>
    <member type="way" ref="65477948" role=""/>
    <member type="way" ref="65477973" role=""/>
    <member type="way" ref="65477987" role=""/>
    <member type="way" ref="65477965" role=""/>
    <member type="way" ref="65473892" role=""/>
    <member type="way" ref="1183845914" role=""/>
    <member type="way" ref="649196342" role=""/>
    <member type="way" ref="649196341" role=""/>
    <member type="way" ref="63595421" role=""/>
    <member type="way" ref="63575381" role=""/>
    <member type="way" ref="63575255" role=""/>
    <member type="way" ref="63575273" role=""/>
    <member type="way" ref="63575334" role=""/>
    <member type="way" ref="188049690" role=""/>
    <member type="way" ref="649196340" role=""/>
    <member type="way" ref="649196339" role=""/>
    <member type="way" ref="65477979" role=""/>
    <member type="way" ref="753900884" role=""/>
    <member type="way" ref="65477958" role=""/>
    <member type="way" ref="65477952" role=""/>
    <member type="way" ref="65477974" role=""/>
    <member type="way" ref="65477968" role=""/>
    <member type="way" ref="65477950" role=""/>
    <member type="way" ref="65473938" role=""/>
    <member type="way" ref="86627017" role=""/>
    <member type="way" ref="63595507" role=""/>
    <member type="way" ref="63595367" role=""/>
    <member type="way" ref="395885016" role=""/>
    <member type="way" ref="63575343" role=""/>
    <member type="way" ref="63575292" role=""/>
    <member type="way" ref="63575277" role=""/>
    <member type="way" ref="63575401" role=""/>
    <member type="way" ref="188049689" role=""/>
    <member type="way" ref="63223319" role=""/>
    <tag k="name" v="Greater Noida Expressway"/>
    <tag k="network" v="IN:NH"/>
    <tag k="route" v="road"/>
    <tag k="type" v="route"/>
    <tag k="wikidata" v="Q7047609"/>
    <tag k="wikipedia" v="en:Noida–Greater Noida Expressway"/>
  </relation>
  <relation id="10387037" version="12" timestamp="2025-07-03T03:29:18Z" changeset="168423349" uid="18682850" user="SB15">
    <member type="node" ref="6274848341" role="stop"/>
    <member type="node" ref="7042356202" role="platform"/>
    <member type="node" ref="7042356201" role="platform"/>
    <member type="node" ref="7041699699" role="platform"/>
    <member type="node" ref="7041699693" role="platform"/>
    <member type="node" ref="7041699694" role="platform"/>
    <member type="node" ref="7041661458" role="platform"/>
    <member type="node" ref="7041732175" role="platform"/>
    <member type="node" ref="7041732173" role="platform"/>
    <member type="node" ref="786858189" role="platform"/>
    <member type="node" ref="7041732174" role="platform"/>
    <member type="node" ref="7041732178" role="platform"/>
    <member type="node" ref="7041732172" role="platform"/>
    <member type="node" ref="786858260" role="stop"/>
    <member type="way" ref="753750959" role="hail_and_ride"/>
    <member type="way" ref="753750958" role="hail_and_ride"/>
    <member type="way" ref="753750957" role="hail_and_ride"/>
    <member type="way" ref="753750955" role="hail_and_ride"/>
    <member type="way" ref="1206791943" role="hail_and_ride"/>
    <member type="way" ref="982712816" role="hail_and_ride"/>
    <member type="way" ref="1072995054" role="hail_and_ride"/>
    <member type="way" ref="1072995053" role="hail_and_ride"/>
    <member type="way" ref="1187534957" role="hail_and_ride"/>
    <member type="way" ref="753675479" role="hail_and_ride"/>
    <member type="way" ref="753900881" role="hail_and_ride"/>
    <member type="way" ref="753750954" role="hail_and_ride"/>
    <member type="way" ref="373881626" role="hail_and_ride"/>
    <member type="way" ref="1187534955" role="hail_and_ride"/>
    <member type="way" ref="232638532" role="hail_and_ride"/>
    <member type="way" ref="570179500" role="hail_and_ride"/>
    <member type="way" ref="570179510" role="hail_and_ride"/>
    <member type="way" ref="609095409" role="hail_and_ride"/>
    <member type="way" ref="66205251" role="hail_and_ride"/>
    <member type="way" ref="66205268" role="hail_and_ride"/>
    <member type="way" ref="777606941" role="hail_and_ride"/>
    <member type="way" ref="1295670836" role="hail_and_ride"/>
    <member type="way" ref="777606944" role="hail_and_ride"/>
    <member type="way" ref="66205249" role="hail_and_ride"/>
    <member type="way" ref="609095415" role="hail_and_ride"/>
    <member type="way" ref="176496273" role="hail_and_ride"/>
    <member type="way" ref="1183845913" role="hail_and_ride"/>
    <member type="way" ref="1390528113" role="hail_and_ride"/>
    <member type="way" ref="71859731" role="hail_and_ride"/>
    <member type="way" ref="65473892" role="hail_and_ride"/>
    <member type="way" ref="1183845914" role="hail_and_ride"/>
    <member type="way" ref="649196342" role="hail_and_ride"/>
    <member type="way" ref="649196341" role="hail_and_ride"/>
    <member type="way" ref="65477965" role="hail_and_ride"/>
    <member type="way" ref="65477987" role="hail_and_ride"/>
    <member type="way" ref="65477973" role="hail_and_ride"/>
    <member type="way" ref="65477948" role="hail_and_ride"/>
    <member type="way" ref="65477943" role="hail_and_ride"/>
    <member type="way" ref="65477963" role="hail_and_ride"/>
    <member type="way" ref="86627060" role="hail_and_ride"/>
    <member type="way" ref="63223277" role="hail_and_ride"/>
    <member type="way" ref="63595436" role="hail_and_ride"/>
    <member type="way" ref="395885015" role="hail_and_ride"/>
    <member type="way" ref="63595421" role="hail_and_ride"/>
    <member type="way" ref="63575381" role="hail_and_ride"/>
    <member type="way" ref="63575255" role="hail_and_ride"/>
    <member type="way" ref="63575273" role="hail_and_ride"/>
    <member type="way" ref="63575334" role="hail_and_ride"/>
    <member type="way" ref="188049690" role="hail_and_ride"/>
    <member type="way" ref="753900904" role=""/>
    <member type="way" ref="1392918733" role="hail_and_ride"/>
    <member type="way" ref="1392918734" role=""/>
    <member type="way" ref="63217143" role="hail_and_ride"/>
    <member type="way" ref="1411715350" role="hail_and_ride"/>
    <member type="way" ref="753900901" role="hail_and_ride"/>
    <member type="way" ref="753900902" role="hail_and_ride"/>
    <member type="way" ref="63217058" role="hail_and_ride"/>
    <member type="way" ref="753900899" role="hail_and_ride"/>
    <member type="way" ref="753900900" role="hail_and_ride"/>
    <member type="way" ref="753900898" role="hail_and_ride"/>
    <member type="way" ref="63217098" role="hail_and_ride"/>
    <member type="way" ref="753900896" role="hail_and_ride"/>
    <tag k="name" v="103B+: Botanical Garden Metro Station -&gt; Greater Noida Authority"/>
    <tag k="network" v="NMRC"/>
    <tag k="public_transport:version" v="2"/>
    <tag k="ref" v="103B+"/>
    <tag k="route" v="bus"/>
    <tag k="type" v="route"/>
  </relation>
  <relation id="10389766" version="7" timestamp="2024-09-06T07:16:40Z" changeset="156259682" uid="19438866" user="adianand">
    <member type="node" ref="7043644061" role="stop"/>
    <member type="node" ref="7041755278" role="platform"/>
    <member type="node" ref="786858623" role="platform"/>
    <member type="node" ref="7042356201" role="platform"/>
    <member type="node" ref="7041691182" role="platform"/>
    <member type="node" ref="4442522689" role="platform"/>
    <member type="node" ref="7041787108" role="platform"/>
    <member type="node" ref="7041787109" role="platform"/>
    <member type="node" ref="7041824911" role="platform"/>
    <member type="node" ref="6274319094" role="platform"/>
    <member type="node" ref="7042356209" role="platform"/>
    <member type="node" ref="7043644057" role="stop"/>
    <member type="way" ref="753900893" role="hail_and_ride"/>
    <member type="way" ref="753900892" role="hail_and_ride"/>
    <member type="way" ref="63217218" role=""/>
    <member type="way" ref="63217197" role="hail_and_ride"/>
    <member type="way" ref="753900888" role=""/>
    <member type="way" ref="63217215" role="hail_and_ride"/>
    <member type="way" ref="753900887" role=""/>
    <member type="way" ref="63223331" role="hail_and_ride"/>
    <member type="way" ref="63223327" role=""/>
    <member type="way" ref="63223319" role="hail_and_ride"/>
    <member type="way" ref="188049689" role="hail_and_ride"/>
    <member type="way" ref="63575401" role="hail_and_ride"/>
    <member type="way" ref="63575277" role="hail_and_ride"/>
    <member type="way" ref="63575292" role="hail_and_ride"/>
    <member type="way" ref="63575343" role="hail_and_ride"/>
    <member type="way" ref="395885016" role="hail_and_ride"/>
    <member type="way" ref="63595367" role="hail_and_ride"/>
    <member type="way" ref="63595507" role="hail_and_ride"/>
    <member type="way" ref="86627017" role="hail_and_ride"/>
    <member type="way" ref="65473938" role="hail_and_ride"/>
    <member type="way" ref="65477950" role="hail_and_ride"/>
    <member type="way" ref="65477968" role="hail_and_ride"/>
    <member type="way" ref="65477974" role="hail_and_ride"/>
    <member type="way" ref="65477952" role="hail_and_ride"/>
    <member type="way" ref="65477958" role="hail_and_ride"/>
    <member type="way" ref="649196340" role="hail_and_ride"/>
    <member type="way" ref="649196339" role="hail_and_ride"/>
    <member type="way" ref="65477979" role="hail_and_ride"/>
    <member type="way" ref="1313672518" role="hail_and_ride"/>
    <member type="way" ref="66206349" role="hail_and_ride"/>
    <member type="way" ref="66206352" role="hail_and_ride"/>
    <member type="way" ref="1313672516" role="hail_and_ride"/>
    <member type="way" ref="66206347" role="hail_and_ride"/>
    <member type="way" ref="953613597" role="hail_and_ride"/>
    <member type="way" ref="669968006" role="hail_and_ride"/>
    <member type="way" ref="570200409" role="hail_and_ride"/>
    <member type="way" ref="753750958" role="hail_and_ride"/>
    <member type="way" ref="753750957" role="hail_and_ride"/>
    <member type="way" ref="753750955" role="hail_and_ride"/>
    <member type="way" ref="1206791943" role="hail_and_ride"/>
    <member type="way" ref="982712816" role="hail_and_ride"/>
    <member type="way" ref="1072995054" role="hail_and_ride"/>
    <member type="way" ref="1072995053" role="hail_and_ride"/>
    <member type="way" ref="1187534957" role="hail_and_ride"/>
    <member type="way" ref="753675479" role="hail_and_ride"/>
    <tag k="name" v="103B: Greater Noida Authority -&gt; Botanical Garden Metro Station"/>
    <tag k="network" v="NMRC"/>
    <tag k="note" v="Not sure if this is called 103B+ or 103B-"/>
    <tag k="public_transport:version" v="2"/>
    <tag k="ref" v="103B"/>
    <tag k="route" v="bus"/>
    <tag k="type" v="route"/>
  </relation>
  <relation id="10389767" version="1" timestamp="2019-12-09T11:06:11Z" changeset="78146105" uid="4685130" user="contrapunctus">
    <member type="relation" ref="10389766" role=""/>
    <member type="relation" ref="10387037" role=""/>
    <tag k="name" v="103B"/>
    <tag k="network" v="NMRC"/>
    <tag k="ref" v="103B"/>
    <tag k="route_master" v="bus"/>
    <tag k="type" v="route_master"/>
  </relation>
  <relation id="17915922" version="1" timestamp="2024-08-07T09:55:04Z" changeset="154927194" uid="16275581" user="ompatekar">
    <member type="way" ref="649501694" role="from"/>
    <member type="node" ref="6095246008" role="via"/>
    <member type="way" ref="649501696" role="to"/>
    <tag k="restriction" v="no_right_turn"/>
    <tag k="type" v="restriction"/>
  </relation>

</osm>
